"Data","Ostatnio","Otwarcie","Max.","Min.","Wol.","Zmiana%"
"11.03.2022","2.046,00","1.986,00","2.048,00","1.972,00","45,25K","4,07%"
"10.03.2022","1.966,00","1.982,00","1.987,00","1.944,00","41,68K","-0,30%"
"09.03.2022","1.972,00","1.939,00","1.980,00","1.929,00","42,77K","3,57%"
"08.03.2022","1.904,00","1.920,00","1.973,00","1.897,00","44,92K","-1,55%"
"07.03.2022","1.934,00","1.870,00","1.959,00","1.856,00","58,85K","0,89%"
"04.03.2022","1.917,00","1.986,00","1.996,00","1.890,00","54,00K","-4,58%"
"03.03.2022","2.009,00","2.063,00","2.066,00","2.001,00","44,03K","-1,71%"
"02.03.2022","2.044,00","1.955,00","2.046,00","1.932,00","50,57K","3,76%"
"01.03.2022","1.970,00","2.019,00","2.053,00","1.963,00","49,92K","-1,55%"
"28.02.2022","2.001,00","1.905,00","2.013,00","1.871,00","49,64K","1,32%"
"25.02.2022","1.975,00","1.825,00","1.998,00","1.822,00","76,97K","9,42%"
"24.02.2022","1.805,00","1.900,00","1.938,00","1.790,00","79,55K","-11,52%"
"23.02.2022","2.040,00","2.108,00","2.133,00","2.040,00","48,16K","-2,86%"
"22.02.2022","2.100,00","2.029,00","2.113,00","2.013,00","48,95K","1,20%"
"21.02.2022","2.075,00","2.172,00","2.173,00","2.064,00","48,27K","-3,62%"
"18.02.2022","2.153,00","2.190,00","2.196,00","2.151,00","29,69K","-1,37%"
"17.02.2022","2.183,00","2.214,00","2.228,00","2.174,00","28,89K","-1,49%"
"16.02.2022","2.216,00","2.227,00","2.253,00","2.207,00","29,18K","0,00%"
"15.02.2022","2.216,00","2.165,00","2.225,00","2.165,00","33,20K","2,31%"
"14.02.2022","2.166,00","2.165,00","2.178,00","2.125,00","44,08K","-1,86%"
"11.02.2022","2.207,00","2.200,00","2.211,00","2.181,00","23,99K","-0,59%"
"10.02.2022","2.220,00","2.240,00","2.246,00","2.206,00","32,16K","-0,72%"
"09.02.2022","2.236,00","2.231,00","2.242,00","2.223,00","20,31K","0,72%"
"08.02.2022","2.220,00","2.173,00","2.220,00","2.168,00","29,96K","1,93%"
"07.02.2022","2.178,00","2.193,00","2.204,00","2.151,00","33,26K","-0,18%"
"04.02.2022","2.182,00","2.244,00","2.248,00","2.182,00","26,65K","-2,59%"
"03.02.2022","2.240,00","2.248,00","2.259,00","2.230,00","22,98K","-0,80%"
"02.02.2022","2.258,00","2.244,00","2.266,00","2.227,00","24,36K","1,12%"
"01.02.2022","2.233,00","2.230,00","2.245,00","2.219,00","19,55K","0,59%"
"31.01.2022","2.220,00","2.223,00","2.228,00","2.200,00","24,11K","1,14%"
"28.01.2022","2.195,00","2.232,00","2.245,00","2.177,00","37,27K","-2,05%"
"27.01.2022","2.241,00","2.212,00","2.249,00","2.205,00","34,24K","0,13%"
"26.01.2022","2.238,00","2.226,00","2.256,00","2.213,00","28,98K","1,22%"
"25.01.2022","2.211,00","2.180,00","2.223,00","2.177,00","0,70K","1,42%"
"24.01.2022","2.180,00","2.272,00","2.290,00","2.165,00","50,66K","-4,47%"
"21.01.2022","2.282,00","2.296,00","2.302,00","2.268,00","29,89K","-1,55%"
"20.01.2022","2.318,00","2.334,00","2.343,00","2.312,00","22,94K","-0,30%"
"19.01.2022","2.325,00","2.304,00","2.348,00","2.303,00","25,55K","-0,04%"
"18.01.2022","2.326,00","2.365,00","2.371,00","2.326,00","28,60K","-2,06%"
"17.01.2022","2.375,00","2.399,00","2.401,00","2.370,00","14,59K","-0,59%"
"14.01.2022","2.389,00","2.404,00","2.423,00","2.382,00","24,54K","-1,12%"
"13.01.2022","2.416,00","2.420,00","2.437,00","2.403,00","27,74K","-0,17%"
"12.01.2022","2.420,00","2.360,00","2.420,00","2.351,00","32,84K","3,11%"
"11.01.2022","2.347,00","2.305,00","2.347,00","2.301,00","27,70K","2,49%"
"10.01.2022","2.290,00","2.315,00","2.329,00","2.290,00","22,95K","-0,91%"
"07.01.2022","2.311,00","2.305,00","2.319,00","2.283,00","27,41K","-0,26%"
"05.01.2022","2.317,00","2.300,00","2.317,00","2.294,00","16,06K","0,43%"
"04.01.2022","2.307,00","2.295,00","2.312,00","2.292,00","1,00K","0,87%"
"03.01.2022","2.287,00","2.284,00","2.313,00","2.284,00","18,58K","0,35%"
"30.12.2021","2.279,00","2.270,00","2.279,00","2.263,00","11,30K","0,26%"
"29.12.2021","2.273,00","2.266,00","2.277,00","2.258,00","14,36K","0,18%"
"28.12.2021","2.269,00","2.244,00","2.269,00","2.227,00","16,75K","1,20%"
"27.12.2021","2.242,00","2.232,00","2.248,00","2.225,00","13,68K","0,49%"
"23.12.2021","2.231,00","2.222,00","2.239,00","2.222,00","9,07K","0,54%"
"22.12.2021","2.219,00","2.201,00","2.222,00","2.195,00","11,65K","1,05%"
"21.12.2021","2.196,00","2.221,00","2.224,00","2.196,00","18,79K","-0,27%"
"20.12.2021","2.202,00","2.180,00","2.208,00","2.159,00","30,22K","0,46%"
"17.12.2021","2.192,00","2.204,00","2.207,00","2.188,00","11,68K","-0,77%"
"16.12.2021","2.209,00","2.188,00","2.218,00","2.178,00","33,36K","2,27%"
"15.12.2021","2.160,00","2.215,00","2.217,00","2.158,00","1,61K","-2,31%"
"14.12.2021","2.211,00","2.211,00","2.235,00","2.201,00","31,72K","-0,14%"
"13.12.2021","2.214,00","2.223,00","2.245,00","2.207,00","28,18K","-0,09%"
"10.12.2021","2.216,00","2.205,00","2.229,00","2.202,00","13,43K","0,05%"
"09.12.2021","2.215,00","2.227,00","2.238,00","2.188,00","1,00K","-0,27%"
"08.12.2021","2.221,00","2.236,00","2.247,00","2.216,00","19,00K","-0,31%"
"07.12.2021","2.228,00","2.206,00","2.240,00","2.205,00","3,00K","1,87%"
"06.12.2021","2.187,00","2.184,00","2.203,00","2.175,00","19,68K","0,64%"
"03.12.2021","2.173,00","2.210,00","2.223,00","2.173,00","22,66K","-1,45%"
"02.12.2021","2.205,00","2.208,00","2.208,00","2.178,00","24,36K","-0,50%"
"01.12.2021","2.216,00","2.210,00","2.228,00","2.192,00","26,49K","1,00%"
"30.11.2021","2.194,00","2.128,00","2.201,00","2.110,00","0,70K","1,95%"
"29.11.2021","2.152,00","2.154,00","2.169,00","2.123,00","33,26K","0,61%"
"26.11.2021","2.139,00","2.180,00","2.186,00","2.139,00","35,98K","-4,04%"
"25.11.2021","2.229,00","2.251,00","2.252,00","2.217,00","15,76K","-0,67%"
"24.11.2021","2.244,00","2.269,00","2.277,00","2.230,00","23,20K","-0,80%"
"23.11.2021","2.262,00","2.238,00","2.270,00","2.226,00","24,56K","0,40%"
"22.11.2021","2.253,00","2.256,00","2.266,00","2.241,00","22,14K","0,13%"
"19.11.2021","2.250,00","2.283,00","2.296,00","2.223,00","34,11K","-0,88%"
"18.11.2021","2.270,00","2.328,00","2.328,00","2.262,00","28,57K","-2,37%"
"17.11.2021","2.325,00","2.345,00","2.359,00","2.314,00","19,41K","-0,60%"
"16.11.2021","2.339,00","2.345,00","2.359,00","2.336,00","18,25K","-0,13%"
"15.11.2021","2.342,00","2.372,00","2.392,00","2.342,00","23,60K","-1,14%"
"12.11.2021","2.369,00","2.374,00","2.396,00","2.366,00","20,74K","-0,04%"
"10.11.2021","2.370,00","2.405,00","2.415,00","2.362,00","20,48K","-1,58%"
"09.11.2021","2.408,00","2.424,00","2.427,00","2.400,00","17,96K","-0,78%"
"08.11.2021","2.427,00","2.445,00","2.452,00","2.421,00","14,35K","-0,74%"
"05.11.2021","2.445,00","2.441,00","2.447,00","2.426,00","16,18K","0,08%"
"04.11.2021","2.443,00","2.389,00","2.444,00","2.389,00","26,26K","2,82%"
"03.11.2021","2.376,00","2.411,00","2.434,00","2.376,00","25,96K","-1,49%"
"02.11.2021","2.412,00","2.420,00","2.424,00","2.392,00","24,37K","0,08%"
"29.10.2021","2.410,00","2.398,00","2.425,00","2.382,00","21,14K","0,25%"
"28.10.2021","2.404,00","2.410,00","2.413,00","2.397,00","11,70K","-0,46%"
"27.10.2021","2.415,00","2.428,00","2.429,00","2.395,00","22,43K","-0,66%"
"26.10.2021","2.431,00","2.440,00","2.449,00","2.423,00","12,95K","-0,08%"
"25.10.2021","2.433,00","2.428,00","2.433,00","2.420,00","10,37K","0,45%"
"22.10.2021","2.422,00","2.434,00","2.442,00","2.418,00","12,80K","-0,33%"
"21.10.2021","2.430,00","2.437,00","2.438,00","2.425,00","11,52K","-0,78%"
"20.10.2021","2.449,00","2.447,00","2.458,00","2.438,00","11,58K","-0,08%"
"19.10.2021","2.451,00","2.471,00","2.474,00","2.444,00","13,05K","-0,49%"
"18.10.2021","2.463,00","2.450,00","2.480,00","2.450,00","14,46K","0,24%"
"15.10.2021","2.457,00","2.472,00","2.472,00","2.442,00","14,45K","-0,32%"
"14.10.2021","2.465,00","2.468,00","2.477,00","2.453,00","16,85K","0,33%"
"13.10.2021","2.457,00","2.470,00","2.473,00","2.444,00","18,88K","-0,77%"
"12.10.2021","2.476,00","2.439,00","2.481,00","2.431,00","23,19K","0,94%"
"11.10.2021","2.453,00","2.413,00","2.458,00","2.404,00","21,66K","1,66%"
"08.10.2021","2.413,00","2.346,00","2.416,00","2.346,00","25,11K","2,46%"
"07.10.2021","2.355,00","2.362,00","2.364,00","2.332,00","22,77K","0,17%"
"06.10.2021","2.351,00","2.348,00","2.359,00","2.328,00","27,23K","-0,30%"
"05.10.2021","2.358,00","2.327,00","2.364,00","2.321,00","19,32K","1,16%"
"04.10.2021","2.331,00","2.321,00","2.357,00","2.305,00","26,09K","0,30%"
"01.10.2021","2.324,00","2.283,00","2.330,00","2.282,00","23,34K","0,91%"
"30.09.2021","2.303,00","2.301,00","2.311,00","2.294,00","16,75K","0,61%"
"29.09.2021","2.289,00","2.274,00","2.297,00","2.272,00","15,98K","0,75%"
"28.09.2021","2.272,00","2.289,00","2.295,00","2.268,00","17,46K","-0,87%"
"27.09.2021","2.292,00","2.310,00","2.314,00","2.282,00","18,28K","-0,22%"
"24.09.2021","2.297,00","2.320,00","2.324,00","2.294,00","19,31K","-0,86%"
"23.09.2021","2.317,00","2.339,00","2.352,00","2.312,00","24,39K","-0,56%"
"22.09.2021","2.330,00","2.288,00","2.335,00","2.288,00","21,60K","2,46%"
"21.09.2021","2.274,00","2.289,00","2.302,00","2.267,00","22,66K","-0,09%"
"20.09.2021","2.276,00","2.310,00","2.310,00","2.263,00","28,63K","-2,53%"
"17.09.2021","2.335,00","2.358,00","2.361,00","2.334,00","9,97K","-0,93%"
"16.09.2021","2.357,00","2.355,00","2.366,00","2.346,00","15,32K","-0,17%"
"15.09.2021","2.361,00","2.375,00","2.375,00","2.350,00","32,87K","-0,63%"
"14.09.2021","2.376,00","2.364,00","2.384,00","2.356,00","32,55K","0,42%"
"13.09.2021","2.366,00","2.346,00","2.366,00","2.342,00","30,60K","1,11%"
"10.09.2021","2.340,00","2.342,00","2.357,00","2.339,00","10,77K","0,17%"
"09.09.2021","2.336,00","2.341,00","2.345,00","2.325,00","14,72K","-0,43%"
"08.09.2021","2.346,00","2.367,00","2.369,00","2.343,00","13,30K","-1,05%"
"07.09.2021","2.371,00","2.390,00","2.393,00","2.368,00","10,68K","-0,79%"
"06.09.2021","2.390,00","2.359,00","2.393,00","2.357,00","9,37K","1,57%"
"03.09.2021","2.353,00","2.373,00","2.373,00","2.347,00","10,14K","-0,55%"
"02.09.2021","2.366,00","2.350,00","2.369,00","2.344,00","11,64K","0,60%"
"01.09.2021","2.352,00","2.355,00","2.367,00","2.345,00","15,92K","0,38%"
"31.08.2021","2.343,00","2.337,00","2.359,00","2.328,00","16,39K","0,56%"
"30.08.2021","2.330,00","2.297,00","2.330,00","2.296,00","12,33K","1,44%"
"27.08.2021","2.297,00","2.290,00","2.302,00","2.272,00","13,61K","0,57%"
"26.08.2021","2.284,00","2.289,00","2.304,00","2.283,00","11,37K","-0,57%"
"25.08.2021","2.297,00","2.272,00","2.297,00","2.266,00","12,87K","1,06%"
"24.08.2021","2.273,00","2.270,00","2.274,00","2.260,00","9,58K","0,35%"
"23.08.2021","2.265,00","2.248,00","2.267,00","2.243,00","11,98K","1,39%"
"20.08.2021","2.234,00","2.238,00","2.241,00","2.226,00","8,74K","-0,27%"
"19.08.2021","2.240,00","2.246,00","2.248,00","2.220,00","20,27K","-1,06%"
"18.08.2021","2.264,00","2.274,00","2.282,00","2.251,00","13,76K","-0,40%"
"17.08.2021","2.273,00","2.259,00","2.277,00","2.258,00","16,16K","0,58%"
"16.08.2021","2.260,00","2.265,00","2.273,00","2.257,00","9,28K","-0,57%"
"13.08.2021","2.273,00","2.273,00","2.276,00","2.267,00","5,94K","-0,09%"
"12.08.2021","2.275,00","2.255,00","2.275,00","2.254,00","10,36K","0,71%"
"11.08.2021","2.259,00","2.248,00","2.259,00","2.238,00","12,01K","0,27%"
"10.08.2021","2.253,00","2.252,00","2.262,00","2.245,00","9,32K","0,00%"
"09.08.2021","2.253,00","2.249,00","2.258,00","2.244,00","7,65K","0,18%"
"06.08.2021","2.249,00","2.250,00","2.252,00","2.232,00","12,24K","-0,13%"
"05.08.2021","2.252,00","2.244,00","2.252,00","2.237,00","10,54K","0,31%"
"04.08.2021","2.245,00","2.240,00","2.260,00","2.237,00","15,47K","0,72%"
"03.08.2021","2.229,00","2.231,00","2.249,00","2.223,00","14,51K","-0,27%"
"02.08.2021","2.235,00","2.246,00","2.249,00","2.228,00","9,31K","0,04%"
"30.07.2021","2.234,00","2.228,00","2.236,00","2.223,00","9,59K","-0,36%"
"29.07.2021","2.242,00","2.229,00","2.245,00","2.228,00","10,63K","0,99%"
"28.07.2021","2.220,00","2.203,00","2.228,00","2.200,00","11,52K","0,68%"
"27.07.2021","2.205,00","2.219,00","2.220,00","2.194,00","14,14K","-0,63%"
"26.07.2021","2.219,00","2.217,00","2.225,00","2.202,00","11,16K","-0,18%"
"23.07.2021","2.223,00","2.222,00","2.225,00","2.215,00","5,95K","0,45%"
"22.07.2021","2.213,00","2.233,00","2.236,00","2.207,00","10,56K","-0,63%"
"21.07.2021","2.227,00","2.203,00","2.235,00","2.197,00","15,91K","1,46%"
"20.07.2021","2.195,00","2.191,00","2.200,00","2.174,00","12,10K","0,55%"
"19.07.2021","2.183,00","2.225,00","2.226,00","2.176,00","16,14K","-2,28%"
"16.07.2021","2.234,00","2.239,00","2.251,00","2.230,00","10,06K","-0,22%"
"15.07.2021","2.239,00","2.236,00","2.255,00","2.230,00","15,51K","-0,13%"
"14.07.2021","2.242,00","2.231,00","2.253,00","2.231,00","12,77K","0,22%"
"13.07.2021","2.237,00","2.230,00","2.252,00","2.229,00","12,45K","0,40%"
"12.07.2021","2.228,00","2.225,00","2.234,00","2.215,00","6,78K","0,41%"
"09.07.2021","2.219,00","2.226,00","2.232,00","2.206,00","14,03K","0,59%"
"08.07.2021","2.206,00","2.252,00","2.253,00","2.205,00","21,20K","-2,26%"
"07.07.2021","2.257,00","2.205,00","2.267,00","2.204,00","24,33K","2,59%"
"06.07.2021","2.200,00","2.225,00","2.237,00","2.200,00","9,89K","-1,30%"
"05.07.2021","2.229,00","2.219,00","2.235,00","2.219,00","6,13K","0,27%"
"02.07.2021","2.223,00","2.222,00","2.240,00","2.219,00","14,56K","0,18%"
"01.07.2021","2.219,00","2.192,00","2.224,00","2.192,00","22,02K","1,23%"
"30.06.2021","2.192,00","2.228,00","2.235,00","2.192,00","23,04K","-1,62%"
"29.06.2021","2.228,00","2.253,00","2.255,00","2.220,00","14,91K","-1,33%"
"28.06.2021","2.258,00","2.257,00","2.260,00","2.228,00","14,14K","0,40%"
"25.06.2021","2.249,00","2.247,00","2.261,00","2.237,00","20,15K","0,22%"
"24.06.2021","2.244,00","2.204,00","2.246,00","2.203,00","17,33K","1,95%"
"23.06.2021","2.201,00","2.201,00","2.210,00","2.186,00","12,96K","0,41%"
"22.06.2021","2.192,00","2.193,00","2.206,00","2.174,00","15,07K","0,00%"
"21.06.2021","2.192,00","2.169,00","2.194,00","2.158,00","17,98K","-1,17%"
"18.06.2021","2.218,00","2.211,00","2.222,00","2.202,00","10,06K","0,27%"
"17.06.2021","2.212,00","2.216,00","2.220,00","2.204,00","14,00K","-0,81%"
"16.06.2021","2.230,00","2.230,00","2.245,00","2.227,00","25,70K","-0,04%"
"15.06.2021","2.231,00","2.255,00","2.272,00","2.231,00","37,78K","-0,80%"
"14.06.2021","2.249,00","2.231,00","2.249,00","2.228,00","23,92K","1,12%"
"11.06.2021","2.224,00","2.242,00","2.243,00","2.222,00","12,74K","-0,80%"
"10.06.2021","2.242,00","2.217,00","2.242,00","2.212,00","16,72K","1,04%"
"09.06.2021","2.219,00","2.240,00","2.245,00","2.212,00","17,45K","-0,98%"
"08.06.2021","2.241,00","2.248,00","2.250,00","2.225,00","20,20K","-0,62%"
"07.06.2021","2.255,00","2.247,00","2.272,00","2.246,00","15,12K","0,27%"
"04.06.2021","2.249,00","2.240,00","2.259,00","2.228,00","17,28K","0,27%"
"02.06.2021","2.243,00","2.225,00","2.255,00","2.225,00","14,92K","0,63%"
"01.06.2021","2.229,00","2.231,00","2.268,00","2.226,00","20,39K","-0,09%"
"31.05.2021","2.231,00","2.241,00","2.249,00","2.228,00","12,28K","-0,13%"
"28.05.2021","2.234,00","2.203,00","2.234,00","2.202,00","21,37K","1,55%"
"27.05.2021","2.200,00","2.154,00","2.207,00","2.153,00","27,68K","1,95%"
"26.05.2021","2.158,00","2.160,00","2.169,00","2.139,00","20,22K","-0,05%"
"25.05.2021","2.159,00","2.141,00","2.159,00","2.127,00","20,06K","1,27%"
"24.05.2021","2.132,00","2.136,00","2.137,00","2.123,00","11,13K","-0,09%"
"21.05.2021","2.134,00","2.134,00","2.143,00","2.121,00","19,22K","0,19%"
"20.05.2021","2.130,00","2.125,00","2.133,00","2.097,00","22,47K","0,71%"
"19.05.2021","2.115,00","2.117,00","2.124,00","2.102,00","22,45K","-0,84%"
"18.05.2021","2.133,00","2.142,00","2.148,00","2.125,00","16,93K","0,33%"
"17.05.2021","2.126,00","2.086,00","2.126,00","2.082,00","28,11K","2,21%"
"14.05.2021","2.080,00","2.101,00","2.102,00","2.055,00","24,32K","-0,34%"
"13.05.2021","2.087,00","2.076,00","2.088,00","2.043,00","31,19K","0,10%"
"12.05.2021","2.085,00","2.105,00","2.116,00","2.081,00","24,71K","-0,90%"
"11.05.2021","2.104,00","2.096,00","2.111,00","2.075,00","28,73K","-0,24%"
"10.05.2021","2.109,00","2.110,00","2.136,00","2.102,00","28,20K","0,67%"
"07.05.2021","2.095,00","2.049,00","2.095,00","2.049,00","27,46K","3,20%"
"06.05.2021","2.030,00","2.042,00","2.074,00","2.030,00","29,69K","-0,73%"
"05.05.2021","2.045,00","2.002,00","2.048,00","2.001,00","27,36K","2,35%"
"04.05.2021","1.998,00","2.036,00","2.039,00","1.992,00","27,29K","-1,82%"
"30.04.2021","2.035,00","2.046,00","2.059,00","2.032,00","15,60K","-0,63%"
"29.04.2021","2.048,00","2.037,00","2.078,00","2.035,00","29,37K","1,04%"
"28.04.2021","2.027,00","2.001,00","2.028,00","1.999,00","17,07K","1,60%"
"27.04.2021","1.995,00","2.006,00","2.012,00","1.991,00","15,01K","-0,30%"
"26.04.2021","2.001,00","1.988,00","2.001,00","1.973,00","14,92K","1,01%"
"23.04.2021","1.981,00","1.981,00","1.987,00","1.955,00","21,12K","-0,45%"
"22.04.2021","1.990,00","1.994,00","2.006,00","1.986,00","18,11K","0,05%"
"21.04.2021","1.989,00","1.988,00","1.990,00","1.967,00","16,87K","0,15%"
"20.04.2021","1.986,00","1.999,00","2.012,00","1.981,00","18,28K","-0,45%"
"19.04.2021","1.995,00","2.010,00","2.040,00","1.994,00","20,89K","-0,60%"
"16.04.2021","2.007,00","2.025,00","2.025,00","1.998,00","14,03K","-0,55%"
"15.04.2021","2.018,00","2.011,00","2.025,00","2.000,00","13,71K","0,40%"
"14.04.2021","2.010,00","1.970,00","2.012,00","1.969,00","21,28K","2,24%"
"13.04.2021","1.966,00","1.980,00","1.989,00","1.964,00","16,06K","-0,81%"
"12.04.2021","1.982,00","1.965,00","1.982,00","1.956,00","12,71K","0,41%"
"09.04.2021","1.974,00","1.980,00","1.984,00","1.959,00","16,70K","-0,20%"
"08.04.2021","1.978,00","2.012,00","2.012,00","1.968,00","18,35K","-1,00%"
"07.04.2021","1.998,00","2.014,00","2.014,00","1.990,00","18,28K","-0,89%"
"06.04.2021","2.016,00","1.972,00","2.016,00","1.970,00","20,91K","3,28%"
"01.04.2021","1.952,00","1.957,00","1.960,00","1.938,00","13,43K","0,57%"
"31.03.2021","1.941,00","1.943,00","1.957,00","1.930,00","16,02K","-0,31%"
"30.03.2021","1.947,00","1.960,00","1.970,00","1.936,00","15,73K","-0,36%"
"29.03.2021","1.954,00","1.915,00","1.955,00","1.915,00","16,57K","1,77%"
"26.03.2021","1.920,00","1.890,00","1.928,00","1.888,00","21,68K","2,40%"
"25.03.2021","1.875,00","1.901,00","1.911,00","1.866,00","25,59K","-1,11%"
"24.03.2021","1.896,00","1.911,00","1.912,00","1.886,00","18,55K","-1,51%"
"23.03.2021","1.925,00","1.929,00","1.937,00","1.906,00","19,38K","-0,72%"
"22.03.2021","1.939,00","1.927,00","1.951,00","1.920,00","16,08K","0,41%"
"19.03.2021","1.931,00","1.954,00","1.957,00","1.928,00","8,46K","-1,63%"
"18.03.2021","1.963,00","1.951,00","1.969,00","1.937,00","20,58K","1,08%"
"17.03.2021","1.942,00","1.978,00","1.978,00","1.913,00","47,48K","-1,72%"
"16.03.2021","1.976,00","2.010,00","2.014,00","1.976,00","36,38K","-1,30%"
"15.03.2021","2.002,00","2.009,00","2.030,00","1.996,00","22,79K","-0,15%"
"12.03.2021","2.005,00","1.992,00","2.015,00","1.983,00","17,79K","0,45%"
"11.03.2021","1.996,00","2.018,00","2.020,00","1.985,00","18,38K","-0,45%"
"10.03.2021","2.005,00","1.986,00","2.019,00","1.986,00","20,17K","0,60%"
"09.03.2021","1.993,00","1.960,00","2.012,00","1.958,00","27,36K","1,42%"
"08.03.2021","1.965,00","1.944,00","1.969,00","1.939,00","24,22K","1,34%"
"05.03.2021","1.939,00","1.931,00","1.953,00","1.925,00","25,70K","-0,62%"
"04.03.2021","1.951,00","1.933,00","1.954,00","1.915,00","29,78K","0,57%"
"03.03.2021","1.940,00","1.966,00","1.989,00","1.933,00","26,36K","-0,67%"
"02.03.2021","1.953,00","1.945,00","1.967,00","1.935,00","21,33K","0,21%"
"01.03.2021","1.949,00","1.930,00","1.951,00","1.917,00","21,01K","1,51%"
"26.02.2021","1.920,00","1.900,00","1.928,00","1.887,00","34,18K","-0,88%"
"25.02.2021","1.937,00","1.957,00","1.967,00","1.934,00","21,64K","-0,26%"
"24.02.2021","1.942,00","1.922,00","1.953,00","1.921,00","25,53K","0,88%"
"23.02.2021","1.925,00","1.965,00","1.972,00","1.893,00","36,27K","-1,58%"
"22.02.2021","1.956,00","1.973,00","1.976,00","1.956,00","19,44K","-1,56%"
"19.02.2021","1.987,00","1.991,00","1.997,00","1.970,00","22,71K","0,20%"
"18.02.2021","1.983,00","1.985,00","2.020,00","1.977,00","27,84K","-0,40%"
"17.02.2021","1.991,00","2.004,00","2.008,00","1.978,00","24,43K","-0,60%"
"16.02.2021","2.003,00","1.969,00","2.022,00","1.968,00","26,87K","1,47%"
"15.02.2021","1.974,00","1.953,00","1.981,00","1.948,00","15,41K","1,91%"
"12.02.2021","1.937,00","1.954,00","1.957,00","1.917,00","21,58K","-1,32%"
"11.02.2021","1.963,00","1.922,00","1.964,00","1.920,00","22,20K","2,45%"
"10.02.2021","1.916,00","1.950,00","1.952,00","1.907,00","16,44K","-1,49%"
"09.02.2021","1.945,00","1.951,00","1.957,00","1.935,00","12,46K","-0,36%"
"08.02.2021","1.952,00","1.967,00","1.976,00","1.948,00","16,80K","-0,36%"
"05.02.2021","1.959,00","1.937,00","1.973,00","1.934,00","22,97K","1,77%"
"04.02.2021","1.925,00","1.945,00","1.963,00","1.924,00","20,47K","-1,13%"
"03.02.2021","1.947,00","1.959,00","1.973,00","1.936,00","21,04K","-0,46%"
"02.02.2021","1.956,00","1.981,00","1.985,00","1.943,00","22,96K","-0,71%"
"01.02.2021","1.970,00","1.967,00","1.978,00","1.948,00","16,11K","1,03%"
"29.01.2021","1.950,00","1.963,00","1.984,00","1.936,00","32,74K","-1,71%"
"28.01.2021","1.984,00","1.912,00","1.989,00","1.887,00","43,05K","2,74%"
"27.01.2021","1.931,00","1.976,00","1.995,00","1.913,00","33,25K","-2,82%"
"26.01.2021","1.987,00","1.931,00","1.991,00","1.930,00","23,92K","2,37%"
"25.01.2021","1.941,00","1.968,00","1.973,00","1.926,00","19,30K","-0,72%"
"22.01.2021","1.955,00","1.939,00","1.968,00","1.932,00","18,65K","0,31%"
"21.01.2021","1.949,00","1.999,00","2.007,00","1.947,00","24,54K","-1,91%"
"20.01.2021","1.987,00","1.984,00","2.001,00","1.959,00","21,50K","0,15%"
"19.01.2021","1.984,00","2.031,00","2.045,00","1.978,00","24,72K","-1,93%"
"18.01.2021","2.023,00","1.983,00","2.025,00","1.971,00","18,77K","1,45%"
"15.01.2021","1.994,00","2.018,00","2.029,00","1.966,00","22,94K","-1,82%"
"14.01.2021","2.031,00","2.028,00","2.038,00","2.019,00","13,88K","0,15%"
"13.01.2021","2.028,00","2.043,00","2.055,00","2.008,00","19,37K","-0,54%"
"12.01.2021","2.039,00","2.073,00","2.082,00","2.025,00","19,15K","-1,45%"
"11.01.2021","2.069,00","2.060,00","2.098,00","2.043,00","20,79K","-0,29%"
"08.01.2021","2.075,00","2.085,00","2.095,00","2.057,00","17,78K","0,14%"
"07.01.2021","2.072,00","2.033,00","2.072,00","2.027,00","22,71K","3,34%"
"05.01.2021","2.005,00","2.000,00","2.035,00","1.998,00","22,57K","-0,10%"
"04.01.2021","2.007,00","2.002,00","2.018,00","1.995,00","19,54K","0,75%"
"30.12.2020","1.992,00","2.024,00","2.024,00","1.987,00","13,96K","-1,14%"
"29.12.2020","2.015,00","2.018,00","2.033,00","2.001,00","13,60K","0,15%"
"28.12.2020","2.012,00","1.980,00","2.012,00","1.978,00","12,81K","2,97%"
"23.12.2020","1.954,00","1.936,00","1.958,00","1.928,00","12,30K","1,45%"
"22.12.2020","1.926,00","1.888,00","1.934,00","1.888,00","19,35K","2,12%"
"21.12.2020","1.886,00","1.886,00","1.886,00","1.886,00","32,72K","-3,53%"
"18.12.2020","1.955,00","1.961,00","1.972,00","1.951,00","7,92K","-1,31%"
"17.12.2020","1.981,00","1.999,00","2.015,00","1.948,00","21,01K","-0,20%"
"16.12.2020","1.985,00","1.963,00","1.998,00","1.962,00","33,03K","1,28%"
"15.12.2020","1.960,00","1.938,00","1.965,00","1.933,00","26,77K","1,14%"
"14.12.2020","1.938,00","1.954,00","1.957,00","1.925,00","26,39K","-0,67%"
"11.12.2020","1.951,00","1.983,00","1.989,00","1.927,00","25,19K","-1,51%"
"10.12.2020","1.981,00","1.994,00","2.009,00","1.972,00","20,28K","-0,65%"
"09.12.2020","1.994,00","1.983,00","2.023,00","1.974,00","25,50K","1,17%"
"08.12.2020","1.971,00","1.955,00","1.971,00","1.937,00","20,71K","0,20%"
"07.12.2020","1.967,00","1.947,00","1.967,00","1.937,00","23,67K","0,87%"
"04.12.2020","1.950,00","1.885,00","1.955,00","1.885,00","25,05K","3,50%"
"03.12.2020","1.884,00","1.903,00","1.904,00","1.879,00","17,61K","-1,00%"
"02.12.2020","1.903,00","1.851,00","1.903,00","1.844,00","22,37K","2,70%"
"01.12.2020","1.853,00","1.845,00","1.869,00","1.844,00","18,81K","1,31%"
"30.11.2020","1.829,00","1.838,00","1.852,00","1.820,00","28,81K","-1,14%"
"27.11.2020","1.850,00","1.851,00","1.854,00","1.837,00","11,86K","0,05%"
"26.11.2020","1.849,00","1.862,00","1.874,00","1.846,00","12,90K","-0,48%"
"25.11.2020","1.858,00","1.868,00","1.869,00","1.843,00","19,20K","-0,32%"
"24.11.2020","1.864,00","1.849,00","1.865,00","1.831,00","19,55K","1,86%"
"23.11.2020","1.830,00","1.830,00","1.861,00","1.823,00","23,73K","0,55%"
"20.11.2020","1.820,00","1.792,00","1.822,00","1.784,00","18,79K","1,73%"
"19.11.2020","1.789,00","1.800,00","1.807,00","1.783,00","17,35K","-1,21%"
"18.11.2020","1.811,00","1.797,00","1.815,00","1.791,00","16,94K","0,78%"
"17.11.2020","1.797,00","1.793,00","1.804,00","1.778,00","19,07K","-0,17%"
"16.11.2020","1.800,00","1.770,00","1.802,00","1.767,00","24,83K","2,86%"
"13.11.2020","1.750,00","1.764,00","1.771,00","1.746,00","20,66K","-1,24%"
"12.11.2020","1.772,00","1.775,00","1.793,00","1.765,00","28,10K","-0,95%"
"10.11.2020","1.789,00","1.771,00","1.795,00","1.743,00","45,28K","1,07%"
"09.11.2020","1.770,00","1.725,00","1.808,00","1.696,00","54,94K","4,18%"
"06.11.2020","1.699,00","1.666,00","1.705,00","1.652,00","32,80K","1,49%"
"05.11.2020","1.674,00","1.655,00","1.680,00","1.647,00","34,69K","2,01%"
"04.11.2020","1.641,00","1.629,00","1.644,00","1.590,00","54,15K","0,00%"
"03.11.2020","1.641,00","1.570,00","1.641,00","1.563,00","38,07K","6,01%"
"02.11.2020","1.548,00","1.522,00","1.564,00","1.521,00","36,15K","2,18%"
"30.10.2020","1.515,00","1.520,00","1.534,00","1.496,00","40,79K","-1,81%"
"29.10.2020","1.543,00","1.551,00","1.567,00","1.527,00","41,61K","-0,45%"
"28.10.2020","1.550,00","1.606,00","1.614,00","1.535,00","44,89K","-4,67%"
"27.10.2020","1.626,00","1.636,00","1.653,00","1.612,00","28,23K","-0,37%"
"26.10.2020","1.632,00","1.640,00","1.646,00","1.627,00","26,43K","-1,69%"
"23.10.2020","1.660,00","1.640,00","1.663,00","1.639,00","18,51K","1,03%"
"22.10.2020","1.643,00","1.632,00","1.665,00","1.625,00","24,49K","0,12%"
"21.10.2020","1.641,00","1.668,00","1.669,00","1.635,00","21,87K","-1,14%"
"20.10.2020","1.660,00","1.645,00","1.669,00","1.639,00","17,31K","0,48%"
"19.10.2020","1.652,00","1.663,00","1.680,00","1.640,00","19,94K","-0,36%"
"16.10.2020","1.658,00","1.627,00","1.667,00","1.626,00","26,01K","1,91%"
"15.10.2020","1.627,00","1.669,00","1.670,00","1.623,00","35,32K","-3,21%"
"14.10.2020","1.681,00","1.663,00","1.696,00","1.661,00","29,17K","1,27%"
"13.10.2020","1.660,00","1.680,00","1.682,00","1.658,00","17,42K","-1,19%"
"12.10.2020","1.680,00","1.707,00","1.711,00","1.680,00","17,18K","-1,29%"
"09.10.2020","1.702,00","1.719,00","1.722,00","1.681,00","18,58K","-0,93%"
"08.10.2020","1.718,00","1.749,00","1.751,00","1.710,00","16,57K","-1,32%"
"07.10.2020","1.741,00","1.735,00","1.741,00","1.715,00","16,78K","0,12%"
"06.10.2020","1.739,00","1.737,00","1.750,00","1.733,00","16,27K","0,52%"
"05.10.2020","1.730,00","1.705,00","1.739,00","1.703,00","17,03K","1,88%"
"02.10.2020","1.698,00","1.680,00","1.706,00","1.673,00","19,36K","0,47%"
"01.10.2020","1.690,00","1.723,00","1.725,00","1.687,00","24,34K","-1,29%"
"30.09.2020","1.712,00","1.707,00","1.718,00","1.699,00","19,35K","-0,29%"
"29.09.2020","1.717,00","1.742,00","1.743,00","1.717,00","18,22K","-1,21%"
"28.09.2020","1.738,00","1.692,00","1.738,00","1.689,00","20,69K","3,89%"
"25.09.2020","1.673,00","1.669,00","1.680,00","1.655,00","23,05K","0,48%"
"24.09.2020","1.665,00","1.665,00","1.678,00","1.655,00","21,55K","-1,25%"
"23.09.2020","1.686,00","1.699,00","1.714,00","1.685,00","18,47K","-0,30%"
"22.09.2020","1.691,00","1.687,00","1.705,00","1.684,00","21,68K","0,18%"
"21.09.2020","1.688,00","1.723,00","1.747,00","1.683,00","30,69K","-2,54%"
"18.09.2020","1.732,00","1.749,00","1.750,00","1.730,00","5,83K","-0,69%"
"17.09.2020","1.744,00","1.712,00","1.748,00","1.711,00","17,81K","0,29%"
"16.09.2020","1.739,00","1.750,00","1.754,00","1.731,00","21,67K","-0,57%"
"15.09.2020","1.749,00","1.765,00","1.767,00","1.737,00","41,08K","-0,68%"
"14.09.2020","1.761,00","1.789,00","1.794,00","1.760,00","17,92K","-0,68%"
"11.09.2020","1.773,00","1.762,00","1.780,00","1.762,00","14,38K","0,85%"
"10.09.2020","1.758,00","1.774,00","1.781,00","1.751,00","19,25K","-0,90%"
"09.09.2020","1.774,00","1.728,00","1.777,00","1.726,00","25,15K","2,60%"
"08.09.2020","1.729,00","1.785,00","1.785,00","1.717,00","26,09K","-2,65%"
"07.09.2020","1.776,00","1.757,00","1.782,00","1.756,00","11,28K","0,97%"
"04.09.2020","1.759,00","1.757,00","1.774,00","1.746,00","25,94K","-0,62%"
"03.09.2020","1.770,00","1.793,00","1.808,00","1.762,00","21,41K","-0,84%"
"02.09.2020","1.785,00","1.781,00","1.797,00","1.778,00","15,40K","0,28%"
"01.09.2020","1.780,00","1.806,00","1.809,00","1.769,00","18,18K","-1,17%"
"31.08.2020","1.801,00","1.836,00","1.839,00","1.793,00","13,89K","-1,85%"
"28.08.2020","1.835,00","1.847,00","1.850,00","1.827,00","14,94K","-0,16%"
"27.08.2020","1.838,00","1.850,00","1.857,00","1.836,00","16,12K","-0,49%"
"26.08.2020","1.847,00","1.820,00","1.850,00","1.815,00","11,92K","1,43%"
"25.08.2020","1.821,00","1.853,00","1.857,00","1.816,00","13,24K","-1,03%"
"24.08.2020","1.840,00","1.829,00","1.845,00","1.827,00","11,93K","1,15%"
"21.08.2020","1.819,00","1.821,00","1.826,00","1.811,00","8,98K","0,17%"
"20.08.2020","1.816,00","1.817,00","1.825,00","1.810,00","10,37K","-0,93%"
"19.08.2020","1.833,00","1.842,00","1.848,00","1.830,00","8,41K","-0,38%"
"18.08.2020","1.840,00","1.848,00","1.857,00","1.836,00","10,40K","-0,97%"
"17.08.2020","1.858,00","1.859,00","1.867,00","1.842,00","9,88K","0,16%"
"14.08.2020","1.855,00","1.855,00","1.864,00","1.839,00","11,66K","0,00%"
"13.08.2020","1.855,00","1.854,00","1.883,00","1.848,00","16,30K","0,16%"
"12.08.2020","1.852,00","1.840,00","1.856,00","1.838,00","9,87K","0,22%"
"11.08.2020","1.848,00","1.832,00","1.857,00","1.826,00","14,28K","1,59%"
"10.08.2020","1.819,00","1.819,00","1.830,00","1.809,00","7,93K","0,33%"
"07.08.2020","1.813,00","1.816,00","1.822,00","1.806,00","13,76K","-0,11%"
"06.08.2020","1.815,00","1.835,00","1.840,00","1.807,00","18,39K","-1,09%"
"05.08.2020","1.835,00","1.820,00","1.843,00","1.820,00","16,90K","1,38%"
"04.08.2020","1.810,00","1.812,00","1.830,00","1.802,00","18,59K","0,56%"
"03.08.2020","1.800,00","1.774,00","1.814,00","1.766,00","16,65K","2,04%"
"31.07.2020","1.764,00","1.775,00","1.792,00","1.763,00","17,30K","0,11%"
"30.07.2020","1.762,00","1.825,00","1.825,00","1.762,00","22,43K","-3,45%"
"29.07.2020","1.825,00","1.824,00","1.829,00","1.807,00","9,73K","-0,11%"
"28.07.2020","1.827,00","1.835,00","1.842,00","1.805,00","14,68K","-0,49%"
"27.07.2020","1.836,00","1.814,00","1.836,00","1.806,00","12,72K","1,38%"
"24.07.2020","1.811,00","1.806,00","1.812,00","1.789,00","13,39K","-0,44%"
"23.07.2020","1.819,00","1.839,00","1.843,00","1.816,00","12,33K","-0,71%"
"22.07.2020","1.832,00","1.841,00","1.848,00","1.831,00","12,35K","-0,49%"
"21.07.2020","1.841,00","1.855,00","1.887,00","1.841,00","18,93K","-0,05%"
"20.07.2020","1.842,00","1.795,00","1.842,00","1.788,00","14,64K","2,56%"
"17.07.2020","1.796,00","1.795,00","1.798,00","1.786,00","6,33K","0,11%"
"16.07.2020","1.794,00","1.786,00","1.795,00","1.779,00","8,83K","-0,06%"
"15.07.2020","1.795,00","1.788,00","1.797,00","1.778,00","15,01K","1,41%"
"14.07.2020","1.770,00","1.794,00","1.794,00","1.760,00","19,91K","-1,94%"
"13.07.2020","1.805,00","1.817,00","1.822,00","1.799,00","10,52K","0,73%"
"10.07.2020","1.792,00","1.778,00","1.792,00","1.771,00","13,03K","0,00%"
"09.07.2020","1.792,00","1.790,00","1.802,00","1.788,00","9,50K","0,11%"
"08.07.2020","1.790,00","1.790,00","1.795,00","1.778,00","11,46K","-0,50%"
"07.07.2020","1.799,00","1.807,00","1.811,00","1.793,00","13,41K","-0,83%"
"06.07.2020","1.814,00","1.830,00","1.835,00","1.805,00","15,89K","0,72%"
"03.07.2020","1.801,00","1.804,00","1.808,00","1.793,00","9,37K","0,06%"
"02.07.2020","1.800,00","1.785,00","1.809,00","1.779,00","18,16K","1,41%"
"01.07.2020","1.775,00","1.759,00","1.778,00","1.737,00","17,08K","1,20%"
"30.06.2020","1.754,00","1.769,00","1.775,00","1.751,00","12,70K","-0,68%"
"29.06.2020","1.766,00","1.756,00","1.770,00","1.748,00","14,41K","0,28%"
"26.06.2020","1.761,00","1.798,00","1.805,00","1.754,00","17,62K","-1,78%"
"25.06.2020","1.793,00","1.779,00","1.799,00","1.756,00","20,64K","0,45%"
"24.06.2020","1.785,00","1.827,00","1.833,00","1.783,00","18,38K","-2,14%"
"23.06.2020","1.824,00","1.802,00","1.844,00","1.798,00","19,29K","1,90%"
"22.06.2020","1.790,00","1.789,00","1.802,00","1.780,00","13,70K","-0,89%"
"19.06.2020","1.806,00","1.797,00","1.809,00","1.797,00","9,54K","0,56%"
"18.06.2020","1.796,00","1.786,00","1.805,00","1.780,00","16,50K","0,34%"
"17.06.2020","1.790,00","1.804,00","1.811,00","1.781,00","37,75K","-0,56%"
"16.06.2020","1.800,00","1.771,00","1.811,00","1.771,00","31,00K","3,39%"
"15.06.2020","1.741,00","1.742,00","1.757,00","1.735,00","27,52K","-2,68%"
"12.06.2020","1.789,00","1.776,00","1.814,00","1.763,00","27,01K","-2,51%"
"10.06.2020","1.835,00","1.840,00","1.846,00","1.816,00","19,97K","0,00%"
"09.06.2020","1.835,00","1.841,00","1.854,00","1.812,00","19,28K","-0,33%"
"08.06.2020","1.841,00","1.846,00","1.855,00","1.816,00","21,13K","-0,27%"
"05.06.2020","1.846,00","1.799,00","1.851,00","1.795,00","29,89K","3,36%"
"04.06.2020","1.786,00","1.758,00","1.787,00","1.755,00","19,35K","1,19%"
"03.06.2020","1.765,00","1.758,00","1.783,00","1.746,00","26,09K","1,15%"
"02.06.2020","1.745,00","1.742,00","1.745,00","1.723,00","17,82K","0,52%"
"01.06.2020","1.736,00","1.748,00","1.751,00","1.721,00","16,85K","0,70%"
"29.05.2020","1.724,00","1.708,00","1.724,00","1.700,00","19,32K","0,23%"
"28.05.2020","1.720,00","1.719,00","1.757,00","1.696,00","39,18K","1,06%"
"27.05.2020","1.702,00","1.710,00","1.765,00","1.701,00","36,77K","-0,58%"
"26.05.2020","1.712,00","1.660,00","1.716,00","1.658,00","26,37K","4,33%"
"25.05.2020","1.641,00","1.642,00","1.652,00","1.632,00","8,53K","0,49%"
"22.05.2020","1.633,00","1.618,00","1.637,00","1.615,00","13,61K","-0,06%"
"21.05.2020","1.634,00","1.640,00","1.656,00","1.634,00","15,27K","-1,03%"
"20.05.2020","1.651,00","1.636,00","1.663,00","1.634,00","17,82K","0,43%"
"19.05.2020","1.644,00","1.644,00","1.657,00","1.628,00","22,80K","0,61%"
"18.05.2020","1.634,00","1.594,00","1.634,00","1.588,00","20,97K","3,94%"
"15.05.2020","1.572,00","1.587,00","1.594,00","1.564,00","19,92K","-0,32%"
"14.05.2020","1.577,00","1.590,00","1.597,00","1.556,00","25,47K","-1,99%"
"13.05.2020","1.609,00","1.617,00","1.635,00","1.604,00","20,31K","-0,92%"
"12.05.2020","1.624,00","1.583,00","1.625,00","1.582,00","19,71K","2,27%"
"11.05.2020","1.588,00","1.615,00","1.618,00","1.579,00","17,03K","-1,18%"
"08.05.2020","1.607,00","1.604,00","1.613,00","1.598,00","12,12K","1,45%"
"07.05.2020","1.584,00","1.570,00","1.603,00","1.557,00","24,36K","0,89%"
"06.05.2020","1.570,00","1.603,00","1.605,00","1.563,00","19,15K","-1,75%"
"05.05.2020","1.598,00","1.612,00","1.615,00","1.588,00","22,35K","0,00%"
"04.05.2020","1.598,00","1.617,00","1.617,00","1.596,00","20,79K","-3,15%"
"30.04.2020","1.650,00","1.679,00","1.687,00","1.638,00","28,89K","-0,06%"
"29.04.2020","1.651,00","1.599,00","1.657,00","1.597,00","24,62K","3,84%"
"28.04.2020","1.590,00","1.595,00","1.625,00","1.579,00","23,11K","-0,50%"
"27.04.2020","1.598,00","1.620,00","1.625,00","1.574,00","24,19K","-0,13%"
"24.04.2020","1.600,00","1.610,00","1.628,00","1.600,00","21,31K","-1,78%"
"23.04.2020","1.629,00","1.615,00","1.629,00","1.587,00","21,55K","1,37%"
"22.04.2020","1.607,00","1.581,00","1.611,00","1.553,00","27,89K","2,42%"
"21.04.2020","1.569,00","1.630,00","1.632,00","1.569,00","28,44K","-4,85%"
"20.04.2020","1.649,00","1.621,00","1.649,00","1.601,00","22,64K","1,48%"
"17.04.2020","1.625,00","1.633,00","1.640,00","1.611,00","18,28K","1,31%"
"16.04.2020","1.604,00","1.617,00","1.618,00","1.586,00","21,68K","-0,19%"
"15.04.2020","1.607,00","1.660,00","1.662,00","1.597,00","24,51K","-3,08%"
"14.04.2020","1.658,00","1.634,00","1.668,00","1.623,00","23,75K","2,73%"
"09.04.2020","1.614,00","1.612,00","1.617,00","1.579,00","28,07K","2,09%"
"08.04.2020","1.581,00","1.585,00","1.615,00","1.564,00","31,60K","-0,50%"
"07.04.2020","1.589,00","1.609,00","1.653,00","1.589,00","29,15K","0,57%"
"06.04.2020","1.580,00","1.555,00","1.585,00","1.543,00","22,26K","4,71%"
"03.04.2020","1.509,00","1.476,00","1.509,00","1.469,00","30,86K","2,03%"
"02.04.2020","1.479,00","1.482,00","1.493,00","1.456,00","32,10K","0,27%"
"01.04.2020","1.475,00","1.477,00","1.497,00","1.467,00","24,60K","-2,90%"
"31.03.2020","1.519,00","1.492,00","1.523,00","1.484,00","33,91K","3,05%"
"30.03.2020","1.474,00","1.470,00","1.485,00","1.436,00","27,21K","0,34%"
"27.03.2020","1.469,00","1.475,00","1.492,00","1.455,00","26,01K","-0,14%"
"26.03.2020","1.471,00","1.407,00","1.489,00","1.402,00","37,75K","2,44%"
"25.03.2020","1.436,00","1.491,00","1.498,00","1.400,00","44,62K","-0,42%"
"24.03.2020","1.442,00","1.451,00","1.466,00","1.412,00","35,61K","3,52%"
"23.03.2020","1.393,00","1.428,00","1.460,00","1.392,00","43,04K","-6,64%"
"20.03.2020","1.492,00","1.498,00","1.549,00","1.470,00","21,89K","0,88%"
"19.03.2020","1.479,00","1.412,00","1.479,00","1.387,00","34,35K","5,34%"
"18.03.2020","1.404,00","1.384,00","1.484,00","1.373,00","55,50K","-2,16%"
"17.03.2020","1.435,00","1.378,00","1.450,00","1.348,00","71,87K","7,81%"
"16.03.2020","1.331,00","1.298,00","1.354,00","1.240,00","61,74K","-2,63%"
"13.03.2020","1.367,00","1.340,00","1.444,00","1.301,00","64,11K","3,25%"
"12.03.2020","1.324,00","1.422,00","1.425,00","1.324,00","45,03K","-11,97%"
"11.03.2020","1.504,00","1.602,00","1.619,00","1.493,00","52,79K","-6,00%"
"10.03.2020","1.600,00","1.655,00","1.659,00","1.593,00","47,27K","-1,84%"
"09.03.2020","1.630,00","1.653,00","1.699,00","1.609,00","42,75K","-8,17%"
"06.03.2020","1.775,00","1.795,00","1.805,00","1.750,00","33,09K","-3,06%"
"05.03.2020","1.831,00","1.889,00","1.896,00","1.824,00","31,29K","-1,93%"
"04.03.2020","1.867,00","1.895,00","1.896,00","1.858,00","26,61K","-0,95%"
"03.03.2020","1.885,00","1.835,00","1.910,00","1.826,00","48,23K","4,66%"
"02.03.2020","1.801,00","1.792,00","1.848,00","1.764,00","45,95K","2,91%"
"28.02.2020","1.750,00","1.803,00","1.820,00","1.737,00","53,72K","-5,76%"
"27.02.2020","1.857,00","1.926,00","1.932,00","1.836,00","36,58K","-4,23%"
"26.02.2020","1.939,00","1.944,00","1.962,00","1.910,00","34,16K","-0,87%"
"25.02.2020","1.956,00","2.006,00","2.011,00","1.950,00","32,93K","-2,20%"
"24.02.2020","2.000,00","2.060,00","2.063,00","1.999,00","33,83K","-4,35%"
"21.02.2020","2.091,00","2.091,00","2.110,00","2.086,00","14,06K","-0,76%"
"20.02.2020","2.107,00","2.122,00","2.122,00","2.099,00","11,48K","-0,66%"
"19.02.2020","2.121,00","2.125,00","2.127,00","2.098,00","18,60K","0,19%"
"18.02.2020","2.117,00","2.107,00","2.121,00","2.103,00","8,68K","-0,19%"
"17.02.2020","2.121,00","2.130,00","2.133,00","2.118,00","6,42K","0,05%"
"14.02.2020","2.120,00","2.136,00","2.136,00","2.111,00","10,03K","-0,33%"
"13.02.2020","2.127,00","2.120,00","2.127,00","2.098,00","14,14K","-0,14%"
"12.02.2020","2.130,00","2.123,00","2.136,00","2.117,00","10,51K","0,85%"
"11.02.2020","2.112,00","2.103,00","2.119,00","2.098,00","12,81K","0,96%"
"10.02.2020","2.092,00","2.108,00","2.117,00","2.090,00","9,85K","-0,99%"
"07.02.2020","2.113,00","2.108,00","2.113,00","2.095,00","9,66K","0,09%"
"06.02.2020","2.111,00","2.135,00","2.141,00","2.108,00","14,39K","-0,33%"
"05.02.2020","2.118,00","2.100,00","2.137,00","2.100,00","18,37K","0,47%"
"04.02.2020","2.108,00","2.089,00","2.118,00","2.084,00","26,05K","1,44%"
"03.02.2020","2.078,00","2.071,00","2.082,00","2.056,00","13,24K","0,58%"
"31.01.2020","2.066,00","2.092,00","2.093,00","2.056,00","17,69K","-1,05%"
"30.01.2020","2.088,00","2.075,00","2.100,00","2.070,00","15,33K","-0,81%"
"29.01.2020","2.105,00","2.109,00","2.120,00","2.095,00","13,25K","-0,14%"
"28.01.2020","2.108,00","2.100,00","2.112,00","2.087,00","19,32K","1,10%"
"27.01.2020","2.085,00","2.136,00","2.142,00","2.085,00","23,82K","-3,47%"
"24.01.2020","2.160,00","2.156,00","2.172,00","2.155,00","8,94K","0,56%"
"23.01.2020","2.148,00","2.155,00","2.164,00","2.147,00","11,43K","-0,74%"
"22.01.2020","2.164,00","2.175,00","2.178,00","2.150,00","15,46K","-0,05%"
"21.01.2020","2.165,00","2.171,00","2.183,00","2.155,00","12,94K","-0,78%"
"20.01.2020","2.182,00","2.183,00","2.192,00","2.180,00","5,28K","-0,05%"
"17.01.2020","2.183,00","2.170,00","2.189,00","2.154,00","13,05K","0,09%"
"16.01.2020","2.181,00","2.182,00","2.188,00","2.170,00","10,13K","0,18%"
"15.01.2020","2.177,00","2.188,00","2.192,00","2.166,00","12,64K","-0,59%"
"14.01.2020","2.190,00","2.205,00","2.206,00","2.181,00","14,94K","-0,68%"
"13.01.2020","2.205,00","2.175,00","2.205,00","2.173,00","11,47K","1,38%"
"10.01.2020","2.175,00","2.171,00","2.178,00","2.158,00","10,23K","0,46%"
"09.01.2020","2.165,00","2.144,00","2.167,00","2.142,00","13,04K","1,93%"
"08.01.2020","2.124,00","2.144,00","2.148,00","2.122,00","19,49K","-1,26%"
"07.01.2020","2.151,00","2.185,00","2.188,00","2.151,00","13,03K","-1,28%"
"03.01.2020","2.179,00","2.193,00","2.197,00","2.166,00","16,00K","-1,13%"
"02.01.2020","2.204,00","2.167,00","2.216,00","2.166,00","16,00K","2,13%"
"30.12.2019","2.158,00","2.167,00","2.173,00","2.158,00","6,42K","-0,37%"
"27.12.2019","2.166,00","2.157,00","2.183,00","2.157,00","9,98K","0,56%"
"23.12.2019","2.154,00","2.146,00","2.154,00","2.142,00","5,37K","1,13%"
"20.12.2019","2.130,00","2.133,00","2.137,00","2.125,00","12,34K","-0,23%"
"19.12.2019","2.135,00","2.135,00","2.138,00","2.126,00","10,63K","0,00%"
"18.12.2019","2.135,00","2.131,00","2.139,00","2.114,00","33,87K","0,05%"
"17.12.2019","2.134,00","2.121,00","2.143,00","2.115,00","26,07K","0,66%"
"16.12.2019","2.120,00","2.114,00","2.123,00","2.107,00","16,77K","0,47%"
"13.12.2019","2.110,00","2.119,00","2.128,00","2.105,00","20,31K","0,24%"
"12.12.2019","2.105,00","2.061,00","2.105,00","2.057,00","19,27K","2,48%"
"11.12.2019","2.054,00","2.059,00","2.070,00","2.038,00","15,21K","-0,39%"
"10.12.2019","2.062,00","2.066,00","2.074,00","2.042,00","13,47K","-0,39%"
"09.12.2019","2.070,00","2.082,00","2.083,00","2.053,00","11,04K","-0,48%"
"06.12.2019","2.080,00","2.091,00","2.094,00","2.060,00","14,64K","-0,67%"
"05.12.2019","2.094,00","2.095,00","2.109,00","2.083,00","14,48K","0,38%"
"04.12.2019","2.086,00","2.094,00","2.120,00","2.082,00","17,47K","-0,43%"
"03.12.2019","2.095,00","2.125,00","2.131,00","2.093,00","15,10K","-1,60%"
"02.12.2019","2.129,00","2.171,00","2.174,00","2.125,00","14,20K","-1,53%"
"29.11.2019","2.162,00","2.173,00","2.178,00","2.158,00","7,92K","-0,96%"
"28.11.2019","2.183,00","2.182,00","2.183,00","2.167,00","7,17K","-0,09%"
"27.11.2019","2.185,00","2.208,00","2.208,00","2.182,00","10,04K","-0,68%"
"26.11.2019","2.200,00","2.208,00","2.209,00","2.185,00","15,36K","-0,14%"
"25.11.2019","2.203,00","2.206,00","2.213,00","2.201,00","6,60K","0,36%"
"22.11.2019","2.195,00","2.190,00","2.207,00","2.188,00","11,95K","0,27%"
"21.11.2019","2.189,00","2.191,00","2.196,00","2.171,00","14,83K","-0,55%"
"20.11.2019","2.201,00","2.206,00","2.210,00","2.181,00","13,71K","-0,32%"
"19.11.2019","2.208,00","2.241,00","2.241,00","2.206,00","12,77K","-1,38%"
"18.11.2019","2.239,00","2.250,00","2.254,00","2.226,00","9,63K","-0,22%"
"15.11.2019","2.244,00","2.240,00","2.246,00","2.233,00","9,80K","0,76%"
"14.11.2019","2.227,00","2.241,00","2.255,00","2.227,00","11,29K","-0,80%"
"13.11.2019","2.245,00","2.249,00","2.254,00","2.236,00","12,39K","-0,44%"
"12.11.2019","2.255,00","2.261,00","2.275,00","2.249,00","14,20K","-0,27%"
"08.11.2019","2.261,00","2.274,00","2.277,00","2.260,00","10,65K","-0,96%"
"07.11.2019","2.283,00","2.273,00","2.284,00","2.269,00","10,81K","0,97%"
"06.11.2019","2.261,00","2.271,00","2.278,00","2.261,00","9,74K","-0,66%"
"05.11.2019","2.276,00","2.274,00","2.288,00","2.264,00","15,38K","0,31%"
"04.11.2019","2.269,00","2.238,00","2.272,00","2.223,00","17,85K","2,67%"
"31.10.2019","2.210,00","2.236,00","2.239,00","2.195,00","16,30K","-0,90%"
"30.10.2019","2.230,00","2.233,00","2.237,00","2.224,00","8,11K","-0,09%"
"29.10.2019","2.232,00","2.217,00","2.235,00","2.210,00","13,84K","0,54%"
"28.10.2019","2.220,00","2.180,00","2.224,00","2.180,00","13,79K","2,02%"
"25.10.2019","2.176,00","2.207,00","2.208,00","2.176,00","11,92K","-1,23%"
"24.10.2019","2.203,00","2.215,00","2.221,00","2.200,00","12,87K","-0,18%"
"23.10.2019","2.207,00","2.207,00","2.217,00","2.204,00","8,53K","-0,27%"
"22.10.2019","2.213,00","2.191,00","2.220,00","2.182,00","18,88K","1,14%"
"21.10.2019","2.188,00","2.172,00","2.192,00","2.167,00","9,77K","0,78%"
"18.10.2019","2.171,00","2.177,00","2.177,00","2.155,00","11,66K","-0,41%"
"17.10.2019","2.180,00","2.160,00","2.193,00","2.160,00","11,99K","0,69%"
"16.10.2019","2.165,00","2.161,00","2.177,00","2.159,00","10,88K","0,05%"
"15.10.2019","2.164,00","2.168,00","2.172,00","2.156,00","10,34K","0,19%"
"14.10.2019","2.160,00","2.171,00","2.173,00","2.153,00","10,68K","-0,32%"
"11.10.2019","2.167,00","2.137,00","2.171,00","2.133,00","14,38K","1,74%"
"10.10.2019","2.130,00","2.143,00","2.144,00","2.121,00","12,79K","-0,61%"
"09.10.2019","2.143,00","2.133,00","2.150,00","2.133,00","10,28K","-0,05%"
"08.10.2019","2.144,00","2.143,00","2.146,00","2.121,00","16,36K","0,28%"
"07.10.2019","2.138,00","2.134,00","2.138,00","2.119,00","9,32K","0,33%"
"04.10.2019","2.131,00","2.117,00","2.133,00","2.113,00","12,85K","0,76%"
"03.10.2019","2.115,00","2.107,00","2.139,00","2.083,00","28,00K","0,33%"
"02.10.2019","2.108,00","2.155,00","2.159,00","2.108,00","17,45K","-2,54%"
"01.10.2019","2.163,00","2.186,00","2.187,00","2.156,00","15,39K","-0,96%"
"30.09.2019","2.184,00","2.195,00","2.196,00","2.171,00","10,65K","-0,36%"
"27.09.2019","2.192,00","2.183,00","2.200,00","2.180,00","11,45K","0,37%"
"26.09.2019","2.184,00","2.175,00","2.185,00","2.168,00","10,27K","0,69%"
"25.09.2019","2.169,00","2.177,00","2.177,00","2.153,00","16,46K","-0,73%"
"24.09.2019","2.185,00","2.158,00","2.197,00","2.157,00","14,31K","1,44%"
"23.09.2019","2.154,00","2.185,00","2.186,00","2.152,00","16,52K","-0,65%"
"20.09.2019","2.168,00","2.189,00","2.199,00","2.166,00","13,68K","-1,19%"
"19.09.2019","2.194,00","2.204,00","2.204,00","2.188,00","10,98K","-0,54%"
"18.09.2019","2.206,00","2.194,00","2.208,00","2.185,00","23,67K","0,64%"
"17.09.2019","2.192,00","2.211,00","2.213,00","2.187,00","22,34K","-1,04%"
"16.09.2019","2.215,00","2.189,00","2.217,00","2.186,00","18,63K","0,50%"
"13.09.2019","2.204,00","2.192,00","2.214,00","2.188,00","13,02K","0,82%"
"12.09.2019","2.186,00","2.195,00","2.207,00","2.173,00","19,96K","-0,09%"
"11.09.2019","2.188,00","2.192,00","2.202,00","2.178,00","14,00K","0,23%"
"10.09.2019","2.183,00","2.177,00","2.189,00","2.167,00","15,90K","0,51%"
"09.09.2019","2.172,00","2.129,00","2.173,00","2.125,00","16,42K","2,36%"
"06.09.2019","2.122,00","2.115,00","2.131,00","2.106,00","14,35K","0,71%"
"05.09.2019","2.107,00","2.120,00","2.126,00","2.086,00","19,68K","0,24%"
"04.09.2019","2.102,00","2.126,00","2.139,00","2.101,00","16,82K","-0,43%"
"03.09.2019","2.111,00","2.150,00","2.152,00","2.098,00","18,09K","-1,77%"
"02.09.2019","2.149,00","2.132,00","2.149,00","2.130,00","9,97K","0,70%"
"30.08.2019","2.134,00","2.071,00","2.136,00","2.070,00","18,61K","3,24%"
"29.08.2019","2.067,00","2.041,00","2.076,00","2.041,00","17,63K","0,78%"
"28.08.2019","2.051,00","2.100,00","2.114,00","2.046,00","20,00K","-2,38%"
"27.08.2019","2.101,00","2.096,00","2.109,00","2.078,00","22,53K","0,29%"
"26.08.2019","2.095,00","2.082,00","2.111,00","2.076,00","14,55K","-0,52%"
"23.08.2019","2.106,00","2.120,00","2.128,00","2.079,00","14,61K","-0,09%"
"22.08.2019","2.108,00","2.104,00","2.126,00","2.099,00","11,18K","0,00%"
"21.08.2019","2.108,00","2.105,00","2.132,00","2.103,00","11,71K","-0,09%"
"20.08.2019","2.110,00","2.105,00","2.118,00","2.085,00","16,02K","0,33%"
"19.08.2019","2.103,00","2.085,00","2.112,00","2.082,00","13,12K","1,55%"
"16.08.2019","2.071,00","2.087,00","2.100,00","2.055,00","20,77K","-0,48%"
"14.08.2019","2.081,00","2.145,00","2.145,00","2.081,00","23,21K","-2,85%"
"13.08.2019","2.142,00","2.086,00","2.158,00","2.086,00","23,28K","2,29%"
"12.08.2019","2.094,00","2.126,00","2.128,00","2.088,00","15,63K","-1,13%"
"09.08.2019","2.118,00","2.153,00","2.154,00","2.102,00","17,27K","-1,44%"
"08.08.2019","2.149,00","2.145,00","2.154,00","2.137,00","13,71K","1,03%"
"07.08.2019","2.127,00","2.147,00","2.159,00","2.110,00","20,21K","-0,70%"
"06.08.2019","2.142,00","2.165,00","2.170,00","2.140,00","18,98K","-0,60%"
"05.08.2019","2.155,00","2.187,00","2.198,00","2.153,00","19,93K","-2,09%"
"02.08.2019","2.201,00","2.220,00","2.224,00","2.201,00","16,52K","-1,39%"
"01.08.2019","2.232,00","2.258,00","2.272,00","2.224,00","17,26K","-1,63%"
"31.07.2019","2.269,00","2.258,00","2.275,00","2.252,00","10,05K","0,62%"
"30.07.2019","2.255,00","2.266,00","2.271,00","2.254,00","11,04K","-0,49%"
"29.07.2019","2.266,00","2.282,00","2.291,00","2.261,00","8,77K","-0,92%"
"26.07.2019","2.287,00","2.289,00","2.295,00","2.278,00","8,32K","0,04%"
"25.07.2019","2.286,00","2.325,00","2.331,00","2.285,00","15,61K","-1,30%"
"24.07.2019","2.316,00","2.314,00","2.318,00","2.303,00","7,26K","0,09%"
"23.07.2019","2.314,00","2.321,00","2.327,00","2.308,00","11,10K","-0,13%"
"22.07.2019","2.317,00","2.317,00","2.329,00","2.310,00","9,15K","-0,04%"
"19.07.2019","2.318,00","2.302,00","2.327,00","2.302,00","15,59K","1,05%"
"18.07.2019","2.294,00","2.260,00","2.294,00","2.257,00","13,43K","1,15%"
"17.07.2019","2.268,00","2.288,00","2.291,00","2.268,00","11,39K","-1,05%"
"16.07.2019","2.292,00","2.293,00","2.302,00","2.287,00","6,82K","-0,17%"
"15.07.2019","2.296,00","2.289,00","2.306,00","2.285,00","9,32K","0,57%"
"12.07.2019","2.283,00","2.293,00","2.294,00","2.283,00","6,81K","-0,17%"
"11.07.2019","2.287,00","2.299,00","2.310,00","2.278,00","14,13K","0,00%"
"10.07.2019","2.287,00","2.283,00","2.314,00","2.279,00","19,49K","0,00%"
"09.07.2019","2.287,00","2.299,00","2.299,00","2.275,00","13,28K","-0,74%"
"08.07.2019","2.304,00","2.298,00","2.313,00","2.292,00","8,98K","0,00%"
"05.07.2019","2.304,00","2.316,00","2.321,00","2.296,00","11,23K","-0,73%"
"04.07.2019","2.321,00","2.306,00","2.321,00","2.299,00","8,21K","0,61%"
"03.07.2019","2.307,00","2.310,00","2.313,00","2.293,00","9,86K","0,04%"
"02.07.2019","2.306,00","2.295,00","2.306,00","2.272,00","14,48K","0,57%"
"01.07.2019","2.293,00","2.315,00","2.332,00","2.287,00","15,60K","0,09%"
"28.06.2019","2.291,00","2.294,00","2.300,00","2.285,00","8,49K","-0,26%"
"27.06.2019","2.297,00","2.282,00","2.310,00","2.282,00","12,96K","0,97%"
"26.06.2019","2.275,00","2.269,00","2.280,00","2.263,00","8,57K","0,44%"
"25.06.2019","2.265,00","2.283,00","2.289,00","2.257,00","11,63K","-1,09%"
"24.06.2019","2.290,00","2.274,00","2.294,00","2.268,00","9,21K","-0,91%"
"21.06.2019","2.311,00","2.323,00","2.346,00","2.310,00","11,54K","-0,39%"
"19.06.2019","2.320,00","2.322,00","2.329,00","2.317,00","16,28K","-0,30%"
"18.06.2019","2.327,00","2.275,00","2.327,00","2.273,00","24,45K","2,02%"
"17.06.2019","2.281,00","2.298,00","2.298,00","2.272,00","16,21K","-0,48%"
"14.06.2019","2.292,00","2.302,00","2.302,00","2.286,00","11,66K","-0,39%"
"13.06.2019","2.301,00","2.289,00","2.314,00","2.281,00","14,86K","0,74%"
"12.06.2019","2.284,00","2.285,00","2.292,00","2.263,00","13,33K","-0,35%"
"11.06.2019","2.292,00","2.282,00","2.302,00","2.275,00","13,23K","0,75%"
"10.06.2019","2.275,00","2.292,00","2.298,00","2.270,00","12,92K","-0,22%"
"07.06.2019","2.280,00","2.262,00","2.289,00","2.257,00","13,09K","0,88%"
"06.06.2019","2.260,00","2.223,00","2.271,00","2.223,00","14,76K","1,76%"
"05.06.2019","2.221,00","2.235,00","2.242,00","2.219,00","12,01K","-0,40%"
"04.06.2019","2.230,00","2.229,00","2.244,00","2.222,00","10,62K","-0,22%"
"03.06.2019","2.235,00","2.232,00","2.249,00","2.228,00","12,62K","-0,18%"
"31.05.2019","2.239,00","2.208,00","2.239,00","2.199,00","18,11K","0,63%"
"30.05.2019","2.225,00","2.192,00","2.233,00","2.191,00","14,92K","1,74%"
"29.05.2019","2.187,00","2.177,00","2.189,00","2.162,00","14,17K","-0,23%"
"28.05.2019","2.192,00","2.193,00","2.214,00","2.182,00","13,10K","0,27%"
"27.05.2019","2.186,00","2.189,00","2.195,00","2.172,00","6,78K","0,18%"
"24.05.2019","2.182,00","2.174,00","2.190,00","2.170,00","10,97K","0,83%"
"23.05.2019","2.164,00","2.203,00","2.205,00","2.164,00","15,14K","-2,39%"
"22.05.2019","2.217,00","2.182,00","2.226,00","2.177,00","20,66K","1,37%"
"21.05.2019","2.187,00","2.181,00","2.189,00","2.169,00","12,04K","0,55%"
"20.05.2019","2.175,00","2.182,00","2.186,00","2.155,00","11,83K","-0,32%"
"17.05.2019","2.182,00","2.180,00","2.185,00","2.163,00","12,28K","-0,23%"
"16.05.2019","2.187,00","2.172,00","2.192,00","2.159,00","16,05K","0,74%"
"15.05.2019","2.171,00","2.177,00","2.181,00","2.153,00","18,91K","0,23%"
"14.05.2019","2.166,00","2.185,00","2.194,00","2.161,00","16,42K","-0,18%"
"13.05.2019","2.170,00","2.186,00","2.198,00","2.152,00","16,31K","-1,09%"
"10.05.2019","2.194,00","2.190,00","2.211,00","2.181,00","19,08K","0,73%"
"09.05.2019","2.178,00","2.215,00","2.228,00","2.177,00","20,69K","-2,02%"
"08.05.2019","2.223,00","2.225,00","2.249,00","2.217,00","19,86K","-0,31%"
"07.05.2019","2.230,00","2.297,00","2.298,00","2.230,00","17,38K","-2,71%"
"06.05.2019","2.292,00","2.300,00","2.307,00","2.278,00","14,64K","-1,16%"
"02.05.2019","2.319,00","2.338,00","2.338,00","2.318,00","8,20K","-0,69%"
"30.04.2019","2.335,00","2.364,00","2.365,00","2.323,00","14,55K","-1,52%"
"29.04.2019","2.371,00","2.375,00","2.382,00","2.357,00","6,92K","-0,08%"
"26.04.2019","2.373,00","2.355,00","2.373,00","2.352,00","8,18K","0,81%"
"25.04.2019","2.354,00","2.373,00","2.374,00","2.348,00","10,08K","-0,76%"
"24.04.2019","2.372,00","2.375,00","2.383,00","2.358,00","11,69K","-0,04%"
"23.04.2019","2.373,00","2.375,00","2.377,00","2.363,00","6,42K","0,13%"
"18.04.2019","2.370,00","2.376,00","2.380,00","2.355,00","10,51K","-0,67%"
"17.04.2019","2.386,00","2.374,00","2.401,00","2.374,00","15,31K","0,51%"
"16.04.2019","2.374,00","2.368,00","2.375,00","2.359,00","7,34K","0,51%"
"15.04.2019","2.362,00","2.375,00","2.377,00","2.352,00","10,14K","-0,25%"
"12.04.2019","2.368,00","2.379,00","2.390,00","2.366,00","6,75K","-0,63%"
"11.04.2019","2.383,00","2.402,00","2.406,00","2.375,00","9,22K","-0,63%"
"10.04.2019","2.398,00","2.371,00","2.398,00","2.370,00","11,86K","1,14%"
"09.04.2019","2.371,00","2.361,00","2.381,00","2.359,00","10,54K","0,42%"
"08.04.2019","2.361,00","2.360,00","2.365,00","2.352,00","6,37K","0,13%"
"05.04.2019","2.358,00","2.397,00","2.399,00","2.356,00","16,59K","-1,50%"
"04.04.2019","2.394,00","2.408,00","2.419,00","2.392,00","12,16K","-0,87%"
"03.04.2019","2.415,00","2.397,00","2.415,00","2.388,00","13,72K","1,86%"
"02.04.2019","2.371,00","2.342,00","2.388,00","2.342,00","16,74K","1,11%"
"01.04.2019","2.345,00","2.333,00","2.349,00","2.331,00","13,19K","1,08%"
"29.03.2019","2.320,00","2.325,00","2.330,00","2.306,00","14,27K","0,09%"
"28.03.2019","2.318,00","2.322,00","2.333,00","2.315,00","7,96K","-0,22%"
"27.03.2019","2.323,00","2.330,00","2.336,00","2.316,00","11,80K","-0,43%"
"26.03.2019","2.333,00","2.322,00","2.333,00","2.317,00","12,24K","0,52%"
"25.03.2019","2.321,00","2.316,00","2.329,00","2.311,00","13,72K","-0,13%"
"22.03.2019","2.324,00","2.372,00","2.372,00","2.324,00","18,92K","-1,90%"
"21.03.2019","2.369,00","2.359,00","2.369,00","2.352,00","8,74K","0,38%"
"20.03.2019","2.360,00","2.357,00","2.365,00","2.351,00","9,55K","-0,08%"
"19.03.2019","2.362,00","2.359,00","2.375,00","2.353,00","10,74K","0,25%"
"18.03.2019","2.356,00","2.358,00","2.367,00","2.350,00","8,06K","0,04%"
"15.03.2019","2.355,00","2.326,00","2.362,00","2.318,00","14,36K","1,51%"
"14.03.2019","2.320,00","2.313,00","2.324,00","2.308,00","14,80K","0,22%"
"13.03.2019","2.315,00","2.305,00","2.318,00","2.304,00","22,13K","0,13%"
"12.03.2019","2.312,00","2.317,00","2.320,00","2.298,00","21,12K","0,43%"
"11.03.2019","2.302,00","2.310,00","2.319,00","2.297,00","15,83K","-0,09%"
"08.03.2019","2.304,00","2.301,00","2.308,00","2.288,00","16,55K","-0,39%"
"07.03.2019","2.313,00","2.321,00","2.339,00","2.306,00","14,69K","-0,64%"
"06.03.2019","2.328,00","2.328,00","2.334,00","2.320,00","7,99K","0,13%"
"05.03.2019","2.325,00","2.329,00","2.340,00","2.319,00","9,44K","-0,21%"
"04.03.2019","2.330,00","2.346,00","2.348,00","2.321,00","10,68K","-0,30%"
"01.03.2019","2.337,00","2.349,00","2.354,00","2.331,00","9,55K","0,00%"
"28.02.2019","2.337,00","2.335,00","2.350,00","2.329,00","10,37K","0,09%"
"27.02.2019","2.335,00","2.362,00","2.373,00","2.333,00","12,03K","-1,31%"
"26.02.2019","2.366,00","2.362,00","2.371,00","2.357,00","9,58K","-0,29%"
"25.02.2019","2.373,00","2.374,00","2.382,00","2.350,00","12,49K","0,42%"
"22.02.2019","2.363,00","2.340,00","2.378,00","2.340,00","18,99K","0,85%"
"21.02.2019","2.343,00","2.378,00","2.382,00","2.330,00","19,46K","-1,35%"
"20.02.2019","2.375,00","2.336,00","2.376,00","2.336,00","17,01K","1,93%"
"19.02.2019","2.330,00","2.329,00","2.345,00","2.320,00","12,63K","0,00%"
"18.02.2019","2.330,00","2.352,00","2.352,00","2.325,00","8,40K","-0,60%"
"15.02.2019","2.344,00","2.320,00","2.353,00","2.318,00","15,74K","0,86%"
"14.02.2019","2.324,00","2.357,00","2.360,00","2.320,00","18,83K","-1,40%"
"13.02.2019","2.357,00","2.387,00","2.388,00","2.342,00","15,95K","-0,76%"
"12.02.2019","2.375,00","2.377,00","2.384,00","2.361,00","13,09K","0,64%"
"11.02.2019","2.360,00","2.368,00","2.383,00","2.360,00","9,54K","0,00%"
"08.02.2019","2.360,00","2.362,00","2.373,00","2.360,00","10,11K","-0,46%"
"07.02.2019","2.371,00","2.413,00","2.415,00","2.371,00","14,78K","-2,19%"
"06.02.2019","2.424,00","2.413,00","2.427,00","2.408,00","13,98K","0,37%"
"05.02.2019","2.415,00","2.397,00","2.420,00","2.389,00","11,35K","0,88%"
"04.02.2019","2.394,00","2.398,00","2.418,00","2.383,00","13,09K","-0,13%"
"01.02.2019","2.397,00","2.394,00","2.399,00","2.378,00","10,50K","0,21%"
"31.01.2019","2.392,00","2.386,00","2.399,00","2.371,00","13,64K","1,06%"
"30.01.2019","2.367,00","2.384,00","2.385,00","2.355,00","11,58K","-0,46%"
"29.01.2019","2.378,00","2.376,00","2.397,00","2.368,00","10,13K","0,04%"
"28.01.2019","2.377,00","2.403,00","2.405,00","2.361,00","11,73K","-1,12%"
"25.01.2019","2.404,00","2.427,00","2.429,00","2.397,00","12,24K","-0,25%"
"24.01.2019","2.410,00","2.417,00","2.429,00","2.397,00","16,08K","-0,08%"
"23.01.2019","2.412,00","2.356,00","2.424,00","2.356,00","20,33K","2,07%"
"22.01.2019","2.363,00","2.354,00","2.378,00","2.353,00","12,08K","0,04%"
"21.01.2019","2.362,00","2.380,00","2.381,00","2.353,00","8,98K","-0,76%"
"18.01.2019","2.380,00","2.377,00","2.388,00","2.363,00","17,11K","0,63%"
"17.01.2019","2.365,00","2.361,00","2.382,00","2.355,00","14,48K","-0,25%"
"16.01.2019","2.371,00","2.362,00","2.371,00","2.344,00","14,16K","0,85%"
"15.01.2019","2.351,00","2.346,00","2.360,00","2.327,00","14,32K","0,81%"
"14.01.2019","2.332,00","2.324,00","2.340,00","2.316,00","8,95K","-0,26%"
"11.01.2019","2.338,00","2.347,00","2.372,00","2.325,00","20,04K","-0,09%"
"10.01.2019","2.340,00","2.333,00","2.342,00","2.307,00","17,20K","-0,13%"
"09.01.2019","2.343,00","2.339,00","2.348,00","2.327,00","13,89K","0,77%"
"08.01.2019","2.325,00","2.328,00","2.338,00","2.307,00","15,20K","0,09%"
"07.01.2019","2.323,00","2.303,00","2.326,00","2.302,00","13,15K","1,49%"
"04.01.2019","2.289,00","2.267,00","2.299,00","2.264,00","16,47K","1,64%"
"03.01.2019","2.252,00","2.297,00","2.300,00","2.246,00","21,63K","-2,47%"
"02.01.2019","2.309,00","2.270,00","2.311,00","2.249,00","15,39K","1,36%"
"28.12.2018","2.278,00","2.262,00","2.287,00","2.261,00","11,01K","1,02%"
"27.12.2018","2.255,00","2.295,00","2.297,00","2.252,00","16,44K","0,13%"
"21.12.2018","2.252,00","2.305,00","2.311,00","2.235,00","13,25K","-2,38%"
"20.12.2018","2.307,00","2.322,00","2.329,00","2.293,00","22,50K","-1,83%"
"19.12.2018","2.350,00","2.317,00","2.350,00","2.311,00","23,25K","1,38%"
"18.12.2018","2.318,00","2.272,00","2.320,00","2.266,00","28,84K","1,58%"
"17.12.2018","2.282,00","2.304,00","2.310,00","2.278,00","18,92K","-0,91%"
"14.12.2018","2.303,00","2.290,00","2.314,00","2.279,00","15,40K","-0,22%"
"13.12.2018","2.308,00","2.287,00","2.316,00","2.268,00","18,33K","1,23%"
"12.12.2018","2.280,00","2.227,00","2.280,00","2.223,00","21,65K","3,12%"
"11.12.2018","2.211,00","2.259,00","2.267,00","2.211,00","25,01K","-1,56%"
"10.12.2018","2.246,00","2.276,00","2.282,00","2.245,00","15,43K","-1,66%"
"07.12.2018","2.284,00","2.309,00","2.324,00","2.271,00","20,28K","-0,74%"
"06.12.2018","2.301,00","2.330,00","2.334,00","2.291,00","33,05K","-2,46%"
"05.12.2018","2.359,00","2.321,00","2.361,00","2.297,00","25,36K","0,51%"
"04.12.2018","2.347,00","2.322,00","2.348,00","2.312,00","14,77K","0,77%"
"03.12.2018","2.329,00","2.340,00","2.341,00","2.317,00","15,71K","1,48%"
"30.11.2018","2.295,00","2.300,00","2.302,00","2.269,00","16,31K","-0,09%"
"29.11.2018","2.297,00","2.275,00","2.297,00","2.275,00","16,19K","1,23%"
"28.11.2018","2.269,00","2.234,00","2.273,00","2.230,00","19,37K","2,07%"
"27.11.2018","2.223,00","2.224,00","2.231,00","2.205,00","12,56K","0,27%"
"26.11.2018","2.217,00","2.243,00","2.251,00","2.205,00","14,01K","-0,58%"
"23.11.2018","2.230,00","2.237,00","2.242,00","2.213,00","8,97K","-0,31%"
"22.11.2018","2.237,00","2.222,00","2.244,00","2.209,00","12,28K","0,68%"
"21.11.2018","2.222,00","2.176,00","2.225,00","2.174,00","19,87K","2,73%"
"20.11.2018","2.163,00","2.177,00","2.196,00","2.151,00","21,50K","-1,14%"
"19.11.2018","2.188,00","2.161,00","2.190,00","2.152,00","17,85K","1,02%"
"16.11.2018","2.166,00","2.215,00","2.222,00","2.140,00","27,55K","-1,81%"
"15.11.2018","2.206,00","2.240,00","2.259,00","2.206,00","18,35K","-1,25%"
"14.11.2018","2.234,00","2.209,00","2.248,00","2.195,00","18,86K","0,54%"
"13.11.2018","2.222,00","2.211,00","2.246,00","2.209,00","14,38K","-0,58%"
"09.11.2018","2.235,00","2.254,00","2.254,00","2.225,00","15,47K","-1,28%"
"08.11.2018","2.264,00","2.281,00","2.296,00","2.261,00","13,81K","-0,66%"
"07.11.2018","2.279,00","2.223,00","2.288,00","2.220,00","20,48K","2,33%"
"06.11.2018","2.227,00","2.237,00","2.241,00","2.216,00","11,77K","-0,31%"
"05.11.2018","2.234,00","2.186,00","2.237,00","2.186,00","14,95K","1,78%"
"02.11.2018","2.195,00","2.173,00","2.208,00","2.171,00","20,09K","2,50%"
"01.11.2018","2.141,50","2.141,50","2.141,50","2.141,50","-","0,02%"
"31.10.2018","2.141,00","2.136,00","2.149,00","2.134,00","19,51K","0,80%"
"30.10.2018","2.124,00","2.112,00","2.124,00","2.092,00","17,34K","0,81%"
"29.10.2018","2.107,00","2.096,00","2.119,00","2.090,00","17,94K","1,25%"
"26.10.2018","2.081,00","2.138,00","2.141,00","2.081,00","20,82K","-3,07%"
"25.10.2018","2.147,00","2.124,00","2.151,00","2.116,00","15,89K","-0,05%"
"24.10.2018","2.148,00","2.160,00","2.167,00","2.147,00","14,66K","-0,32%"
"23.10.2018","2.155,00","2.167,00","2.179,00","2.155,00","18,17K","-1,91%"
"22.10.2018","2.197,00","2.214,00","2.217,00","2.180,00","14,26K","-0,23%"
"19.10.2018","2.202,00","2.190,00","2.209,00","2.168,00","17,40K","0,50%"
"18.10.2018","2.191,00","2.190,00","2.211,00","2.183,00","13,40K","-0,32%"
"17.10.2018","2.198,00","2.226,00","2.236,00","2.185,00","21,22K","-0,90%"
"16.10.2018","2.218,00","2.181,00","2.218,00","2.179,00","13,09K","2,02%"
"15.10.2018","2.174,00","2.180,00","2.192,00","2.165,00","12,93K","-0,50%"
"12.10.2018","2.185,00","2.182,00","2.197,00","2.175,00","15,80K","1,20%"
"11.10.2018","2.159,00","2.160,00","2.185,00","2.146,00","30,89K","-1,64%"
"10.10.2018","2.195,00","2.262,00","2.262,00","2.195,00","23,30K","-2,75%"
"09.10.2018","2.257,00","2.235,00","2.261,00","2.223,00","18,00K","1,07%"
"08.10.2018","2.233,00","2.262,00","2.263,00","2.233,00","12,39K","-1,59%"
"05.10.2018","2.269,00","2.276,00","2.281,00","2.257,00","13,22K","-0,35%"
"04.10.2018","2.277,00","2.289,00","2.299,00","2.271,00","14,28K","-1,17%"
"03.10.2018","2.304,00","2.294,00","2.308,00","2.287,00","10,70K","0,70%"
"02.10.2018","2.288,00","2.279,00","2.288,00","2.265,00","13,50K","-0,13%"
"01.10.2018","2.291,00","2.299,00","2.330,00","2.290,00","15,02K","-0,09%"
"28.09.2018","2.293,00","2.316,00","2.317,00","2.263,00","21,97K","-1,08%"
"27.09.2018","2.318,00","2.303,00","2.324,00","2.289,00","13,12K","0,22%"
"26.09.2018","2.313,00","2.305,00","2.313,00","2.292,00","10,54K","0,57%"
"25.09.2018","2.300,00","2.296,00","2.320,00","2.286,00","15,01K","0,39%"
"24.09.2018","2.291,00","2.268,00","2.292,00","2.265,00","13,48K","0,39%"
"21.09.2018","2.282,00","2.276,00","2.286,00","2.256,00","21,48K","0,93%"
"20.09.2018","2.261,00","2.262,00","2.274,00","2.254,00","17,93K","0,00%"
"19.09.2018","2.261,00","2.240,00","2.272,00","2.220,00","37,20K","1,25%"
"18.09.2018","2.233,00","2.218,00","2.249,00","2.216,00","21,10K","0,95%"
"17.09.2018","2.212,00","2.227,00","2.234,00","2.207,00","15,83K","-1,03%"
"14.09.2018","2.235,00","2.253,00","2.256,00","2.218,00","15,48K","-0,18%"
"13.09.2018","2.239,00","2.221,00","2.253,00","2.221,00","14,36K","1,13%"
"12.09.2018","2.214,00","2.256,00","2.267,00","2.214,00","16,68K","-1,73%"
"11.09.2018","2.253,00","2.263,00","2.277,00","2.234,00","16,10K","-0,27%"
"10.09.2018","2.259,00","2.253,00","2.264,00","2.237,00","12,04K","0,67%"
"07.09.2018","2.244,00","2.284,00","2.293,00","2.241,00","16,06K","-1,49%"
"06.09.2018","2.278,00","2.280,00","2.301,00","2.276,00","10,42K","-0,26%"
"05.09.2018","2.284,00","2.308,00","2.312,00","2.284,00","15,70K","-1,34%"
"04.09.2018","2.315,00","2.346,00","2.365,00","2.300,00","17,27K","-1,28%"
"03.09.2018","2.345,00","2.323,00","2.357,00","2.322,00","10,64K","0,69%"
"31.08.2018","2.329,00","2.340,00","2.341,00","2.321,00","10,94K","-0,51%"
"30.08.2018","2.341,00","2.367,00","2.370,00","2.339,00","14,64K","-1,06%"
"29.08.2018","2.366,00","2.381,00","2.381,00","2.360,00","10,16K","-0,55%"
"28.08.2018","2.379,00","2.360,00","2.382,00","2.347,00","15,12K","0,89%"
"27.08.2018","2.358,00","2.315,00","2.362,00","2.309,00","14,45K","2,52%"
"24.08.2018","2.300,00","2.313,00","2.313,00","2.292,00","12,75K","-0,52%"
"23.08.2018","2.312,00","2.275,00","2.319,00","2.268,00","15,45K","1,67%"
"22.08.2018","2.274,00","2.260,00","2.294,00","2.256,00","16,25K","0,44%"
"21.08.2018","2.264,00","2.228,00","2.274,00","2.226,00","12,16K","1,89%"
"20.08.2018","2.222,00","2.210,00","2.230,00","2.208,00","10,01K","0,91%"
"17.08.2018","2.202,00","2.248,00","2.250,00","2.202,00","15,98K","-2,13%"
"16.08.2018","2.250,00","2.247,00","2.258,00","2.233,00","8,82K","-0,49%"
"14.08.2018","2.261,00","2.257,00","2.272,00","2.236,00","14,21K","0,49%"
"13.08.2018","2.250,00","2.231,00","2.260,00","2.220,00","11,52K","0,67%"
"10.08.2018","2.235,00","2.291,00","2.293,00","2.235,00","16,48K","-3,12%"
"09.08.2018","2.307,00","2.293,00","2.307,00","2.276,00","7,79K","0,57%"
"08.08.2018","2.294,00","2.296,00","2.320,00","2.286,00","11,04K","-0,09%"
"07.08.2018","2.296,00","2.287,00","2.299,00","2.281,00","8,32K","0,70%"
"06.08.2018","2.280,00","2.275,00","2.281,00","2.249,00","10,47K","0,40%"
"03.08.2018","2.271,00","2.271,00","2.290,00","2.261,00","9,63K","0,22%"
"02.08.2018","2.266,00","2.290,00","2.294,00","2.261,00","12,33K","-1,78%"
"01.08.2018","2.307,00","2.281,00","2.307,00","2.261,00","14,46K","1,14%"
"31.07.2018","2.281,00","2.313,00","2.315,00","2.278,00","16,22K","-1,30%"
"30.07.2018","2.311,00","2.270,00","2.316,00","2.266,00","13,54K","1,54%"
"27.07.2018","2.276,00","2.299,00","2.299,00","2.271,00","11,81K","-0,57%"
"26.07.2018","2.289,00","2.252,00","2.298,00","2.247,00","17,00K","1,91%"
"25.07.2018","2.246,00","2.236,00","2.255,00","2.218,00","15,19K","0,72%"
"24.07.2018","2.230,00","2.198,00","2.233,00","2.196,00","14,39K","1,78%"
"23.07.2018","2.191,00","2.172,00","2.202,00","2.168,00","11,31K","0,92%"
"20.07.2018","2.171,00","2.129,00","2.171,00","2.127,00","18,01K","1,92%"
"19.07.2018","2.130,00","2.115,00","2.133,00","2.108,00","10,68K","0,28%"
"18.07.2018","2.124,00","2.132,00","2.146,00","2.116,00","11,50K","-0,38%"
"17.07.2018","2.132,00","2.115,00","2.134,00","2.107,00","13,57K","0,57%"
"16.07.2018","2.120,00","2.137,00","2.141,00","2.115,00","7,25K","-0,52%"
"13.07.2018","2.131,00","2.149,00","2.151,00","2.120,00","8,86K","-0,37%"
"12.07.2018","2.139,00","2.140,00","2.146,00","2.132,00","9,35K","0,66%"
"11.07.2018","2.125,00","2.134,00","2.145,00","2.121,00","12,23K","-1,35%"
"10.07.2018","2.154,00","2.133,00","2.172,00","2.113,00","15,65K","1,27%"
"09.07.2018","2.127,00","2.144,00","2.145,00","2.112,00","8,77K","0,09%"
"06.07.2018","2.125,00","2.145,00","2.145,00","2.118,00","11,35K","-0,09%"
"05.07.2018","2.127,00","2.139,00","2.156,00","2.124,00","12,10K","-0,56%"
"04.07.2018","2.139,00","2.116,00","2.139,00","2.114,00","9,41K","0,99%"
"03.07.2018","2.118,00","2.084,00","2.120,00","2.078,00","13,26K","2,27%"
"02.07.2018","2.071,00","2.054,00","2.083,00","2.053,00","10,97K","-0,62%"
"29.06.2018","2.084,00","2.072,00","2.091,00","2.069,00","19,23K","1,31%"
"28.06.2018","2.057,00","2.093,00","2.101,00","2.055,00","20,22K","-2,28%"
"27.06.2018","2.105,00","2.115,00","2.116,00","2.088,00","20,12K","-0,61%"
"26.06.2018","2.118,00","2.124,00","2.140,00","2.110,00","9,54K","0,09%"
"25.06.2018","2.116,00","2.114,00","2.142,00","2.109,00","10,89K","-0,52%"
"22.06.2018","2.127,00","2.124,00","2.136,00","2.116,00","9,94K","0,57%"
"21.06.2018","2.115,00","2.123,00","2.131,00","2.089,00","17,89K","-0,19%"
"20.06.2018","2.119,00","2.090,00","2.142,00","2.090,00","18,22K","1,73%"
"19.06.2018","2.083,00","2.077,00","2.093,00","2.066,00","18,34K","-1,28%"
"18.06.2018","2.110,00","2.170,00","2.178,00","2.102,00","20,88K","-4,78%"
"15.06.2018","2.216,00","2.238,00","2.245,00","2.215,00","10,56K","-0,98%"
"14.06.2018","2.238,00","2.229,00","2.251,00","2.220,00","16,98K","-0,09%"
"13.06.2018","2.240,00","2.253,00","2.254,00","2.229,00","23,55K","-0,58%"
"12.06.2018","2.253,00","2.239,00","2.258,00","2.233,00","22,01K","0,76%"
"11.06.2018","2.236,00","2.255,00","2.263,00","2.229,00","16,05K","-0,58%"
"08.06.2018","2.249,00","2.253,00","2.259,00","2.242,00","16,28K","-0,84%"
"07.06.2018","2.268,00","2.255,00","2.285,00","2.254,00","17,18K","1,16%"
"06.06.2018","2.242,00","2.254,00","2.264,00","2.242,00","14,94K","-0,31%"
"05.06.2018","2.249,00","2.212,00","2.254,00","2.197,00","21,16K","2,00%"
"04.06.2018","2.205,00","2.208,00","2.220,00","2.201,00","13,26K","0,55%"
"01.06.2018","2.193,00","2.162,00","2.193,00","2.146,00","16,23K","1,53%"
"30.05.2018","2.160,00","2.186,00","2.189,00","2.153,00","19,84K","-1,59%"
"29.05.2018","2.195,00","2.213,00","2.214,00","2.162,00","24,35K","-1,39%"
"28.05.2018","2.226,00","2.228,00","2.237,00","2.208,00","7,80K","0,50%"
"25.05.2018","2.215,00","2.219,00","2.230,00","2.197,00","16,73K","0,18%"
"24.05.2018","2.211,00","2.217,00","2.247,00","2.210,00","16,86K","-0,36%"
"23.05.2018","2.219,00","2.238,00","2.243,00","2.203,00","18,45K","-1,38%"
"22.05.2018","2.250,00","2.268,00","2.273,00","2.237,00","15,02K","-1,06%"
"21.05.2018","2.274,00","2.236,00","2.276,00","2.235,00","11,96K","1,93%"
"18.05.2018","2.231,00","2.262,00","2.272,00","2.221,00","16,42K","-1,33%"
"17.05.2018","2.261,00","2.278,00","2.286,00","2.254,00","13,86K","-0,92%"
"16.05.2018","2.282,00","2.278,00","2.283,00","2.258,00","14,73K","0,18%"
"15.05.2018","2.278,00","2.317,00","2.318,00","2.275,00","15,97K","-1,94%"
"14.05.2018","2.323,00","2.335,00","2.337,00","2.313,00","9,78K","-0,34%"
"11.05.2018","2.331,00","2.309,00","2.331,00","2.303,00","15,18K","1,00%"
"10.05.2018","2.308,00","2.290,00","2.316,00","2.282,00","13,40K","1,14%"
"09.05.2018","2.282,00","2.239,00","2.286,00","2.239,00","18,23K","1,65%"
"08.05.2018","2.245,00","2.215,00","2.245,00","2.211,00","14,18K","1,26%"
"07.05.2018","2.217,00","2.246,00","2.254,00","2.213,00","12,78K","-1,03%"
"04.05.2018","2.240,00","2.285,00","2.287,00","2.227,00","18,19K","-2,35%"
"02.05.2018","2.294,00","2.295,00","2.309,00","2.289,00","7,42K","-0,09%"
"30.04.2018","2.296,00","2.285,00","2.301,00","2.284,00","6,57K","0,88%"
"27.04.2018","2.276,00","2.288,00","2.292,00","2.269,00","9,42K","-0,39%"
"26.04.2018","2.285,00","2.267,00","2.288,00","2.261,00","12,70K","1,20%"
"25.04.2018","2.258,00","2.265,00","2.282,00","2.253,00","16,68K","-0,83%"
"24.04.2018","2.277,00","2.302,00","2.317,00","2.270,00","16,58K","-0,91%"
"23.04.2018","2.298,00","2.302,00","2.311,00","2.288,00","12,86K","-0,30%"
"20.04.2018","2.305,00","2.322,00","2.337,00","2.303,00","11,60K","-0,82%"
"19.04.2018","2.324,00","2.312,00","2.342,00","2.305,00","15,15K","0,48%"
"18.04.2018","2.313,00","2.315,00","2.317,00","2.292,00","14,05K","0,17%"
"17.04.2018","2.309,00","2.309,00","2.310,00","2.292,00","12,68K","0,48%"
"16.04.2018","2.298,00","2.315,00","2.317,00","2.289,00","10,76K","-0,39%"
"13.04.2018","2.307,00","2.313,00","2.323,00","2.302,00","13,95K","0,00%"
"12.04.2018","2.307,00","2.266,00","2.312,00","2.265,00","19,89K","1,67%"
"11.04.2018","2.269,00","2.273,00","2.290,00","2.251,00","16,72K","-0,35%"
"10.04.2018","2.277,00","2.282,00","2.284,00","2.251,00","15,53K","0,66%"
"09.04.2018","2.262,00","2.270,00","2.287,00","2.247,00","19,29K","0,13%"
"06.04.2018","2.259,00","2.238,00","2.273,00","2.232,00","15,98K","0,80%"
"05.04.2018","2.241,00","2.236,00","2.250,00","2.230,00","16,11K","1,54%"
"04.04.2018","2.207,00","2.238,00","2.238,00","2.196,00","23,14K","-1,52%"
"03.04.2018","2.241,00","2.209,00","2.254,00","2.198,00","16,80K","0,95%"
"29.03.2018","2.220,00","2.213,00","2.228,00","2.210,00","11,65K","0,50%"
"28.03.2018","2.209,00","2.230,00","2.235,00","2.194,00","35,42K","-1,95%"
"27.03.2018","2.253,00","2.272,00","2.286,00","2.247,00","18,30K","0,49%"
"26.03.2018","2.242,00","2.262,00","2.272,00","2.235,00","16,78K","-0,44%"
"23.03.2018","2.252,00","2.246,00","2.267,00","2.227,00","25,58K","-0,79%"
"22.03.2018","2.270,00","2.306,00","2.331,00","2.264,00","27,49K","-2,20%"
"21.03.2018","2.321,00","2.275,00","2.325,00","2.270,00","21,06K","2,38%"
"20.03.2018","2.267,00","2.255,00","2.285,00","2.238,00","22,26K","0,76%"
"19.03.2018","2.250,00","2.295,00","2.295,00","2.249,00","21,85K","-1,53%"
"16.03.2018","2.285,00","2.329,00","2.329,00","2.282,00","17,36K","-2,02%"
"15.03.2018","2.332,00","2.339,00","2.355,00","2.318,00","18,37K","-0,13%"
"14.03.2018","2.335,00","2.348,00","2.356,00","2.330,00","32,33K","-0,81%"
"13.03.2018","2.354,00","2.381,00","2.382,00","2.351,00","27,58K","-1,01%"
"12.03.2018","2.378,00","2.370,00","2.383,00","2.357,00","17,43K","0,98%"
"09.03.2018","2.355,00","2.319,00","2.355,00","2.297,00","24,44K","1,55%"
"08.03.2018","2.319,00","2.361,00","2.362,00","2.319,00","19,60K","-1,61%"
"07.03.2018","2.357,00","2.321,00","2.366,00","2.316,00","19,68K","0,99%"
"06.03.2018","2.334,00","2.342,00","2.344,00","2.330,00","12,10K","0,52%"
"05.03.2018","2.322,00","2.290,00","2.328,00","2.289,00","18,11K","0,56%"
"02.03.2018","2.309,00","2.321,00","2.330,00","2.296,00","26,64K","-1,03%"
"01.03.2018","2.333,00","2.356,00","2.364,00","2.315,00","29,88K","-1,14%"
"28.02.2018","2.360,00","2.408,00","2.409,00","2.360,00","18,97K","-2,40%"
"27.02.2018","2.418,00","2.418,00","2.431,00","2.412,00","14,91K","0,12%"
"26.02.2018","2.415,00","2.423,00","2.434,00","2.404,00","11,95K","0,37%"
"23.02.2018","2.406,00","2.418,00","2.431,00","2.395,00","12,21K","-0,50%"
"22.02.2018","2.418,00","2.389,00","2.420,00","2.374,00","18,75K","0,54%"
"21.02.2018","2.405,00","2.413,00","2.415,00","2.396,00","11,35K","-0,37%"
"20.02.2018","2.414,00","2.413,00","2.420,00","2.393,00","11,68K","0,12%"
"19.02.2018","2.411,00","2.422,00","2.427,00","2.401,00","8,71K","-0,04%"
"16.02.2018","2.412,00","2.445,00","2.448,00","2.398,00","17,97K","-0,58%"
"15.02.2018","2.426,00","2.473,00","2.475,00","2.426,00","12,96K","-0,98%"
"14.02.2018","2.450,00","2.443,00","2.450,00","2.415,00","18,18K","0,70%"