2016-04-07,73200.000000,73455.000000,72800.000000,73130.000000,69581.398438,189
2016-04-08,73715.000000,73715.000000,72540.000000,72720.000000,69191.289063,174
2016-04-11,72940.000000,73000.000000,72065.000000,72990.000000,69448.195313,182
2016-04-12,72300.000000,72510.000000,71800.000000,72485.000000,68967.687500,181
2016-04-13,72610.000000,72650.000000,71905.000000,72350.000000,68839.250000,116
2016-04-14,71705.000000,72890.000000,71705.000000,72610.000000,69086.632813,133
2016-04-15,72800.000000,73000.000000,72015.000000,72725.000000,69196.054688,210
2016-04-18,72425.000000,72800.000000,72000.000000,72335.000000,68824.976563,160
2016-04-19,72165.000000,74000.000000,72165.000000,74000.000000,70409.179688,173
2016-04-20,74000.000000,74000.000000,73360.000000,73885.000000,70299.757813,161
2016-04-21,73355.000000,73530.000000,72485.000000,72805.000000,69272.171875,237
2016-04-22,72750.000000,73335.000000,72255.000000,72450.000000,68934.398438,175
2016-04-25,72100.000000,72485.000000,71815.000000,71910.000000,69184.539063,213
2016-04-26,72240.000000,72490.000000,71820.000000,72055.000000,69324.046875,202
2016-04-27,71505.000000,72000.000000,71505.000000,71750.000000,69030.609375,132
2016-04-28,71680.000000,71700.000000,70870.000000,71395.000000,68689.054688,120
2016-04-29,70890.000000,71715.000000,70190.000000,70190.000000,67529.734375,153
2016-05-02,70745.000000,71505.000000,70695.000000,71480.000000,68770.843750,129
2016-05-03,71005.000000,71225.000000,70595.000000,70700.000000,68020.398438,148
2016-05-04,71410.000000,71410.000000,70505.000000,70640.000000,67962.671875,201
2016-05-06,71000.000000,71665.000000,70430.000000,71445.000000,68737.164063,198
2016-05-09,71300.000000,72280.000000,71300.000000,72050.000000,69319.234375,151
2016-05-10,72295.000000,72295.000000,71580.000000,72090.000000,69357.726563,74
2016-05-11,71500.000000,72200.000000,71235.000000,72105.000000,69372.156250,103
2016-05-12,72455.000000,72460.000000,71720.000000,72460.000000,69713.695313,106
2016-05-13,71980.000000,72500.000000,71940.000000,72500.000000,69752.171875,125
2016-05-17,72100.000000,72790.000000,72100.000000,72710.000000,69954.218750,152
2016-05-18,72795.000000,72890.000000,72250.000000,72850.000000,70088.914063,139
2016-05-19,72720.000000,73000.000000,72450.000000,72705.000000,69949.406250,158
2016-05-20,72665.000000,72990.000000,72600.000000,72600.000000,69848.390625,156
2016-05-23,72780.000000,73095.000000,72410.000000,72820.000000,70060.054688,136
2016-05-24,72790.000000,73895.000000,72415.000000,73755.000000,70959.617188,142
2016-05-25,73700.000000,73895.000000,73505.000000,73835.000000,71036.585938,125
2016-05-26,73255.000000,73970.000000,73255.000000,73970.000000,71166.460938,98
2016-05-27,73965.000000,74005.000000,73395.000000,74005.000000,71200.140625,135
2016-05-30,73895.000000,74090.000000,73475.000000,74020.000000,71214.578125,47
2016-05-31,74000.000000,74090.000000,73470.000000,73500.000000,70714.281250,230
2016-06-01,73500.000000,73795.000000,73185.000000,73385.000000,70603.640625,190
2016-06-02,73400.000000,73400.000000,72550.000000,72595.000000,69843.578125,150
2016-06-03,72550.000000,73220.000000,72500.000000,72945.000000,70180.320313,179
2016-06-06,73500.000000,73500.000000,71655.000000,71940.000000,69213.406250,192
2016-06-07,72000.000000,72785.000000,71705.000000,72785.000000,70026.382813,121
2016-06-08,72595.000000,72600.000000,71160.000000,71315.000000,68612.093750,191
2016-06-09,71155.000000,71245.000000,70395.000000,71000.000000,68309.031250,292
2016-06-10,70100.000000,71000.000000,70100.000000,70945.000000,68256.117188,280
2016-06-13,70225.000000,70450.000000,69810.000000,69810.000000,67164.132813,264
2016-06-14,69700.000000,70000.000000,67960.000000,67960.000000,65384.250000,302
2016-06-15,67760.000000,69800.000000,67750.000000,68155.000000,65571.859375,281
2016-06-16,68155.000000,68785.000000,67770.000000,68250.000000,65663.265625,307
2016-06-17,68750.000000,69490.000000,68200.000000,68200.000000,65615.156250,347
2016-06-20,68800.000000,69625.000000,68005.000000,69005.000000,66389.640625,267
2016-06-21,69350.000000,69590.000000,68815.000000,69000.000000,66384.835938,195
2016-06-22,69300.000000,69395.000000,68575.000000,68575.000000,65975.937500,173
2016-06-23,69130.000000,69490.000000,68545.000000,69105.000000,66485.851563,168
2016-06-24,67000.000000,69785.000000,67000.000000,68700.000000,66096.210938,340
2016-06-27,69550.000000,69660.000000,66560.000000,66560.000000,64037.316406,337
2016-06-28,67310.000000,68350.000000,67055.000000,67540.000000,64980.164063,246
2016-06-29,68000.000000,69120.000000,67855.000000,69120.000000,66500.289063,142
2016-06-30,69395.000000,69780.000000,68520.000000,69600.000000,66962.093750,282
2016-07-01,69310.000000,70990.000000,69165.000000,70525.000000,67852.039063,240
2016-07-04,70005.000000,70455.000000,69580.000000,69750.000000,67106.406250,126
2016-07-05,69750.000000,69985.000000,68720.000000,69335.000000,66707.132813,128
2016-07-06,68500.000000,69010.000000,68000.000000,68450.000000,65855.679688,216
2016-07-07,68505.000000,69790.000000,68505.000000,69660.000000,67019.828125,172
2016-07-08,69990.000000,70460.000000,69400.000000,70410.000000,67741.390625,269
2016-07-11,70400.000000,71600.000000,70400.000000,71435.000000,68727.546875,234
2016-07-12,71490.000000,71850.000000,70760.000000,71280.000000,68578.414063,251
2016-07-13,70810.000000,70810.000000,70010.000000,70380.000000,67712.531250,249
2016-07-14,70700.000000,70700.000000,69925.000000,70085.000000,67428.710938,87
2016-07-15,69665.000000,70345.000000,69560.000000,70345.000000,67678.859375,210
2016-07-18,69670.000000,70990.000000,69620.000000,70380.000000,67712.531250,139
2016-07-19,70000.000000,70500.000000,69900.000000,69955.000000,67303.640625,130
2016-07-20,70350.000000,70820.000000,69810.000000,69935.000000,67284.398438,126
2016-07-21,69950.000000,70500.000000,68850.000000,69435.000000,66803.343750,166
2016-07-22,69780.000000,70265.000000,68020.000000,69810.000000,67164.132813,270
2016-07-25,69315.000000,69900.000000,69080.000000,69080.000000,66461.796875,170
2016-07-26,69100.000000,69585.000000,68335.000000,68545.000000,65947.078125,189
2016-07-27,69475.000000,69475.000000,68205.000000,68315.000000,65725.796875,137
2016-07-28,68300.000000,68735.000000,68105.000000,68190.000000,65605.539063,186
2016-07-29,68175.000000,68475.000000,68020.000000,68475.000000,65879.726563,262
2016-08-02,68835.000000,68930.000000,67800.000000,68055.000000,65475.652344,211
2016-08-03,68125.000000,68680.000000,67855.000000,68300.000000,65711.367188,158
2016-08-04,69210.000000,69210.000000,67755.000000,68710.000000,66105.820313,128
2016-08-05,68625.000000,69430.000000,68625.000000,69245.000000,66620.546875,111
2016-08-08,69470.000000,69470.000000,68615.000000,68785.000000,66177.984375,104
2016-08-09,69135.000000,69470.000000,68955.000000,69150.000000,66529.148438,113
2016-08-10,68640.000000,69280.000000,68630.000000,69105.000000,66485.851563,140
2016-08-11,68700.000000,69590.000000,68700.000000,69200.000000,66577.257813,189
2016-08-12,69300.000000,69480.000000,68805.000000,68960.000000,66346.351563,108
2016-08-15,69255.000000,69315.000000,68805.000000,68985.000000,66370.398438,76
2016-08-16,69595.000000,69595.000000,68300.000000,68330.000000,65740.226563,173
2016-08-17,68125.000000,68385.000000,68000.000000,68000.000000,65422.738281,82
2016-08-18,68005.000000,68645.000000,68000.000000,68100.000000,65518.949219,95
2016-08-19,68120.000000,68480.000000,67305.000000,67535.000000,64975.363281,155
2016-08-22,67685.000000,67890.000000,67010.000000,67290.000000,64739.648438,184
2016-08-23,67205.000000,67800.000000,67205.000000,67355.000000,64802.179688,130
2016-08-24,67595.000000,67810.000000,67010.000000,67605.000000,65042.703125,105
2016-08-25,67405.000000,67595.000000,66915.000000,67140.000000,64595.332031,137
2016-08-26,67495.000000,67495.000000,66920.000000,67100.000000,64556.847656,66
2016-08-29,67295.000000,67740.000000,66880.000000,67350.000000,64797.367188,106
2016-08-30,67795.000000,67795.000000,67120.000000,67345.000000,64792.558594,150
2016-08-31,67345.000000,67700.000000,67200.000000,67690.000000,65124.484375,225
2016-09-01,67700.000000,68430.000000,67355.000000,68080.000000,65499.699219,126
2016-09-02,68280.000000,68865.000000,68065.000000,68720.000000,66115.445313,106
2016-09-05,68850.000000,68850.000000,68160.000000,68600.000000,65999.992188,89
2016-09-06,68695.000000,68700.000000,68155.000000,68590.000000,65990.375000,64
2016-09-07,68505.000000,68625.000000,68205.000000,68355.000000,65764.281250,100
2016-09-08,68545.000000,68675.000000,68105.000000,68220.000000,65634.398438,133
2016-09-09,68095.000000,68220.000000,67680.000000,67680.000000,65114.863281,117
2016-09-12,67690.000000,67690.000000,66875.000000,67000.000000,64460.628906,164
2016-09-13,67250.000000,67390.000000,66505.000000,66505.000000,63984.390625,105
2016-09-14,66835.000000,66955.000000,66515.000000,66660.000000,64133.523438,125
2016-09-15,66500.000000,67145.000000,66250.000000,66765.000000,64234.546875,187
2016-09-16,66525.000000,67295.000000,66275.000000,67295.000000,64744.453125,480
2016-09-19,66740.000000,67500.000000,66740.000000,67330.000000,64778.132813,170
2016-09-20,66815.000000,67320.000000,66815.000000,67205.000000,64657.863281,98
2016-09-21,67395.000000,67400.000000,66485.000000,66610.000000,64085.414063,130
2016-09-22,66680.000000,67215.000000,66505.000000,66950.000000,64412.531250,159
2016-09-23,67235.000000,67235.000000,66100.000000,66100.000000,63594.750000,141
2016-09-26,66100.000000,66440.000000,65450.000000,65770.000000,63277.253906,161
2016-09-27,66085.000000,66660.000000,65215.000000,65870.000000,63373.460938,168
2016-09-28,66015.000000,66500.000000,65545.000000,66000.000000,63498.535156,209
2016-09-29,66590.000000,66590.000000,65110.000000,65220.000000,62748.097656,194
2016-09-30,65395.000000,66305.000000,64770.000000,66305.000000,63791.972656,284
2016-10-03,65840.000000,66585.000000,65110.000000,65345.000000,62868.359375,123
2016-10-04,65260.000000,66635.000000,65200.000000,66635.000000,64109.472656,294
2016-10-05,65850.000000,66990.000000,65600.000000,65760.000000,63267.632813,119
2016-10-06,65470.000000,65600.000000,64965.000000,65445.000000,62964.574219,174
2016-10-07,65010.000000,65195.000000,63995.000000,63995.000000,61569.527344,232
2016-10-10,64780.000000,64780.000000,63800.000000,64125.000000,61694.597656,160
2016-10-11,64285.000000,65150.000000,64060.000000,64850.000000,62392.125000,182
2016-10-12,65390.000000,65390.000000,63800.000000,63800.000000,61381.917969,169
2016-10-13,63805.000000,63955.000000,63330.000000,63540.000000,61131.777344,281
2016-10-14,63360.000000,65000.000000,63360.000000,64260.000000,61824.484375,134
2016-10-17,64175.000000,64435.000000,62700.000000,63410.000000,61006.695313,180
2016-10-18,63155.000000,63890.000000,63155.000000,63660.000000,61247.222656,105
2016-10-19,63885.000000,64755.000000,63385.000000,64040.000000,61612.820313,164
2016-10-20,64395.000000,64545.000000,63615.000000,63735.000000,61319.382813,99
2016-10-21,63795.000000,64315.000000,63525.000000,63525.000000,61117.339844,144
2016-10-24,63845.000000,63845.000000,62545.000000,62745.000000,60366.902344,161
2016-10-25,62400.000000,63200.000000,61890.000000,61890.000000,59544.308594,207
2016-10-26,62000.000000,62065.000000,61145.000000,61355.000000,59029.585938,193
2016-10-27,61120.000000,61530.000000,60660.000000,60850.000000,58543.722656,158
2016-10-28,60200.000000,60870.000000,60100.000000,60820.000000,58514.863281,234
2016-10-31,60850.000000,61600.000000,60500.000000,61400.000000,59072.878906,161
2016-11-01,61505.000000,61990.000000,61500.000000,61745.000000,59404.804688,212
2016-11-02,61850.000000,62490.000000,61125.000000,61905.000000,59558.738281,234
2016-11-03,61950.000000,62420.000000,61780.000000,61800.000000,59457.718750,124
2016-11-04,62495.000000,62495.000000,61590.000000,61800.000000,59457.718750,166
2016-11-07,62020.000000,62905.000000,62020.000000,62485.000000,60116.757813,135
2016-11-08,62150.000000,63030.000000,62150.000000,62785.000000,60405.386719,142
2016-11-09,62250.000000,62990.000000,62045.000000,62430.000000,60063.839844,172
2016-11-10,62955.000000,62955.000000,61060.000000,61415.000000,59087.312500,348
2016-11-11,61500.000000,61995.000000,61005.000000,61565.000000,59231.625000,142
2016-11-14,61995.000000,61995.000000,60150.000000,60270.000000,57985.707031,145
2016-11-15,61295.000000,61295.000000,60100.000000,60310.000000,58024.195313,158
2016-11-16,60105.000000,60795.000000,59905.000000,59905.000000,57634.539063,212
2016-11-17,60000.000000,60350.000000,59855.000000,59905.000000,57634.539063,197
2016-11-18,60270.000000,60270.000000,59515.000000,59790.000000,57523.898438,164
2016-11-21,59440.000000,59975.000000,58900.000000,59030.000000,56792.707031,259
2016-11-22,59920.000000,59920.000000,58600.000000,58610.000000,56388.621094,281
2016-11-23,58500.000000,58710.000000,57860.000000,57860.000000,55667.046875,264
2016-11-24,57600.000000,58080.000000,57555.000000,57825.000000,55633.375000,197
2016-11-25,58010.000000,59250.000000,58010.000000,59250.000000,57004.367188,155
2016-11-28,59795.000000,59795.000000,58485.000000,58760.000000,56532.941406,228
2016-11-29,58610.000000,58990.000000,58250.000000,58570.000000,56350.144531,228
2016-11-30,58200.000000,59425.000000,58200.000000,59110.000000,56869.675781,414
2016-12-01,58555.000000,58610.000000,57435.000000,57705.000000,55517.925781,302
2016-12-02,57705.000000,58230.000000,57365.000000,57865.000000,55671.863281,220
2016-12-05,57995.000000,58905.000000,57930.000000,58265.000000,56056.703125,154
2016-12-06,58005.000000,58840.000000,57915.000000,58260.000000,56051.886719,128
2016-12-07,58255.000000,58485.000000,57605.000000,57730.000000,55541.976563,173
2016-12-08,58495.000000,58495.000000,57025.000000,57565.000000,55383.230469,158
2016-12-09,58095.000000,58665.000000,57700.000000,58320.000000,56109.617188,172
2016-12-12,58835.000000,58985.000000,58365.000000,58910.000000,56677.253906,144
2016-12-13,59000.000000,59715.000000,58555.000000,59415.000000,57163.117188,289
2016-12-14,59750.000000,59990.000000,59490.000000,59495.000000,57240.082031,187
2016-12-15,59050.000000,59550.000000,58655.000000,59225.000000,56980.316406,223
2016-12-16,59700.000000,60190.000000,59255.000000,60190.000000,57908.738281,398
2016-12-19,60095.000000,60700.000000,59815.000000,60500.000000,58206.992188,266
2016-12-20,60500.000000,60745.000000,60100.000000,60420.000000,58130.023438,156
2016-12-21,60105.000000,61000.000000,60105.000000,60630.000000,58332.066406,145
2016-12-22,60895.000000,60895.000000,60400.000000,60775.000000,58471.570313,97
2016-12-23,60840.000000,61245.000000,60605.000000,61215.000000,58894.890625,107
2016-12-27,61595.000000,62280.000000,61130.000000,61655.000000,59318.218750,77
2016-12-28,61455.000000,61550.000000,60900.000000,61200.000000,58880.457031,101
2016-12-29,60625.000000,61480.000000,60625.000000,61200.000000,58880.457031,62
2016-12-30,61100.000000,62250.000000,61075.000000,61900.000000,59553.929688,209
2017-01-03,62400.000000,63005.000000,61910.000000,61910.000000,59563.554688,228
2017-01-04,62200.000000,63265.000000,62200.000000,63265.000000,60867.195313,110
2017-01-05,63900.000000,64835.000000,63800.000000,64835.000000,62377.695313,185
2017-01-06,65000.000000,65000.000000,64010.000000,64600.000000,62151.597656,159
2017-01-09,64900.000000,64950.000000,64500.000000,64650.000000,62199.703125,107
2017-01-10,64820.000000,64825.000000,63855.000000,64320.000000,61882.210938,191
2017-01-11,64320.000000,64670.000000,63240.000000,63600.000000,61189.496094,115
2017-01-12,64185.000000,64185.000000,62305.000000,63120.000000,60727.691406,139
2017-01-13,63350.000000,63350.000000,62410.000000,62590.000000,60217.777344,165
2017-01-16,62315.000000,62730.000000,62150.000000,62465.000000,60097.515625,127
2017-01-17,64200.000000,65800.000000,64000.000000,65445.000000,62964.574219,330
2017-01-18,65395.000000,66750.000000,65350.000000,66120.000000,63613.988281,300
2017-01-19,65700.000000,66035.000000,65325.000000,65860.000000,63363.843750,164
2017-01-20,65605.000000,65945.000000,65510.000000,65530.000000,63046.351563,128
2017-01-23,65950.000000,65950.000000,65005.000000,65420.000000,62940.515625,112
2017-01-24,65015.000000,66000.000000,65015.000000,65940.000000,63440.812500,162
2017-01-25,65760.000000,66045.000000,65300.000000,66045.000000,63541.832031,167
2017-01-26,66000.000000,66200.000000,65530.000000,65735.000000,63243.578125,212
2017-01-27,65995.000000,66180.000000,65535.000000,65650.000000,63161.804688,220
2017-01-30,65650.000000,66170.000000,64800.000000,64850.000000,62392.125000,222
2017-01-31,64680.000000,64945.000000,63605.000000,64155.000000,61723.464844,259
2017-02-01,64200.000000,65790.000000,64200.000000,65495.000000,63012.675781,286
2017-02-02,65500.000000,65500.000000,64150.000000,64245.000000,61810.054688,260
2017-02-03,64640.000000,65475.000000,64635.000000,65475.000000,62993.433594,152
2017-02-06,65010.000000,65395.000000,64710.000000,64795.000000,62339.207031,134
2017-02-07,64600.000000,65285.000000,64400.000000,64450.000000,62007.285156,153
2017-02-08,64110.000000,65450.000000,64105.000000,65175.000000,62704.804688,146
2017-02-09,64500.000000,65505.000000,64500.000000,65505.000000,63022.292969,81
2017-02-10,65050.000000,65495.000000,64665.000000,65505.000000,63022.292969,121
2017-02-13,64205.000000,65410.000000,64205.000000,64440.000000,61997.660156,159
2017-02-14,64215.000000,64635.000000,64095.000000,64150.000000,61718.656250,174
2017-02-15,64015.000000,64845.000000,64015.000000,64585.000000,62137.167969,139
2017-02-16,64570.000000,64590.000000,64090.000000,64395.000000,61954.367188,130
2017-02-17,64590.000000,65055.000000,64300.000000,65050.000000,62584.542969,147
2017-02-20,65395.000000,65700.000000,64615.000000,65700.000000,63209.910156,108
2017-02-21,65700.000000,66000.000000,65295.000000,65945.000000,63445.621094,118
2017-02-22,65610.000000,66000.000000,65355.000000,65725.000000,63233.957031,148
2017-02-23,65650.000000,65795.000000,65025.000000,65435.000000,62954.953125,163
2017-02-24,65500.000000,65500.000000,64275.000000,64190.000000,61757.132813,119
2017-02-27,64795.000000,64795.000000,64115.000000,64200.000000,61766.757813,147
2017-02-28,64360.000000,65255.000000,64255.000000,65095.000000,62627.835938,212
2017-03-01,65760.000000,65760.000000,64515.000000,65330.000000,62853.933594,179
2017-03-02,65400.000000,65955.000000,64750.000000,65270.000000,62796.203125,154
2017-03-03,65000.000000,65415.000000,64925.000000,65305.000000,62829.875000,162
2017-03-06,65100.000000,65550.000000,65090.000000,65545.000000,63060.781250,123
2017-03-07,65595.000000,66375.000000,65050.000000,66245.000000,63734.253906,260
2017-03-08,65700.000000,65915.000000,65005.000000,65060.000000,62594.164063,216
2017-03-09,65575.000000,65575.000000,64415.000000,64675.000000,62223.753906,291
2017-03-10,65000.000000,65500.000000,64785.000000,65335.000000,62858.742188,232
2017-03-13,65740.000000,66320.000000,65280.000000,66295.000000,63782.355469,179
2017-03-14,66300.000000,66415.000000,65840.000000,66390.000000,63873.753906,182
2017-03-15,65955.000000,66615.000000,65665.000000,66615.000000,64090.230469,225
2017-03-16,66510.000000,67210.000000,66150.000000,67210.000000,64662.675781,222
2017-03-17,67395.000000,67400.000000,66670.000000,67300.000000,64749.269531,353
2017-03-20,66810.000000,67375.000000,66600.000000,67375.000000,64821.421875,105
2017-03-21,67410.000000,67410.000000,66705.000000,66995.000000,64455.828125,133
2017-03-22,66800.000000,66800.000000,66250.000000,66635.000000,64109.472656,156
2017-03-23,66800.000000,66800.000000,65845.000000,66540.000000,64018.070313,190
2017-03-24,66265.000000,66710.000000,66095.000000,66710.000000,64181.625000,113
2017-03-27,66495.000000,66685.000000,65940.000000,66685.000000,64157.570313,139
2017-03-28,66500.000000,66980.000000,66305.000000,66735.000000,64205.679688,133
2017-03-29,67060.000000,67060.000000,65615.000000,66520.000000,63998.824219,131
2017-03-30,66520.000000,66700.000000,66205.000000,66475.000000,63955.535156,93
2017-03-31,66400.000000,66675.000000,66245.000000,66525.000000,64003.636719,144
2017-04-03,66400.000000,66980.000000,66400.000000,66600.000000,64075.792969,69
2017-04-04,66890.000000,66890.000000,66210.000000,66570.000000,64046.933594,160
2017-04-05,66570.000000,66695.000000,66300.000000,66335.000000,63820.835938,122
2017-04-06,66305.000000,66325.000000,65720.000000,66160.000000,63652.472656,94
2017-04-07,66440.000000,66440.000000,65795.000000,65855.000000,63359.031250,114
2017-04-10,66615.000000,66620.000000,65685.000000,66505.000000,63984.390625,96
2017-04-11,65955.000000,66590.000000,65955.000000,66290.000000,63777.546875,112
2017-04-12,66230.000000,66785.000000,65915.000000,66490.000000,63969.968750,122
2017-04-13,66295.000000,66900.000000,66010.000000,66790.000000,64258.593750,60
2017-04-18,66600.000000,67200.000000,66200.000000,67115.000000,64571.277344,156
2017-04-19,67000.000000,67295.000000,66610.000000,67140.000000,64595.332031,125
2017-04-20,66815.000000,67300.000000,66815.000000,67300.000000,64749.269531,107
2017-04-21,67395.000000,67500.000000,66800.000000,67500.000000,64941.687500,196
2017-04-24,67500.000000,67500.000000,66450.000000,67280.000000,65585.062500,122
2017-04-25,67430.000000,67430.000000,66515.000000,66515.000000,64839.328125,152
2017-04-26,66975.000000,66975.000000,66255.000000,66300.000000,64629.746094,161
2017-04-27,66300.000000,66805.000000,66105.000000,66805.000000,65122.023438,120
2017-04-28,66835.000000,66835.000000,66110.000000,66110.000000,64444.531250,154
2017-05-02,66590.000000,67470.000000,65605.000000,67470.000000,65770.273438,380
2017-05-03,66995.000000,67200.000000,66705.000000,66900.000000,65214.628906,165
2017-05-04,66900.000000,67300.000000,66475.000000,67300.000000,65604.554688,121
2017-05-05,66700.000000,67285.000000,66700.000000,67285.000000,65589.929688,144
2017-05-08,67300.000000,68300.000000,67185.000000,68215.000000,66496.500000,344
2017-05-09,68050.000000,69675.000000,68050.000000,69675.000000,67919.718750,372
2017-05-10,69200.000000,69885.000000,69200.000000,69885.000000,68124.429688,195
2017-05-11,69350.000000,69800.000000,69350.000000,69785.000000,68026.945313,192
2017-05-12,69530.000000,71300.000000,69300.000000,71300.000000,69503.781250,756
2017-05-15,71000.000000,71000.000000,70020.000000,71000.000000,69211.343750,205
2017-05-16,71000.000000,71270.000000,70650.000000,71270.000000,69474.539063,253
2017-05-17,70610.000000,71090.000000,69110.000000,69110.000000,67368.953125,264
2017-05-18,69120.000000,69860.000000,68200.000000,68300.000000,66579.359375,276
2017-05-19,68300.000000,69600.000000,68300.000000,69370.000000,67622.406250,208
2017-05-22,69570.000000,70290.000000,69400.000000,70190.000000,68421.742188,167
2017-05-23,70060.000000,70410.000000,69410.000000,69640.000000,67885.601563,210
2017-05-24,70420.000000,70460.000000,69470.000000,70090.000000,68324.273438,207
2017-05-26,70430.000000,71390.000000,69900.000000,71370.000000,69572.015625,287
2017-05-29,70620.000000,71410.000000,70270.000000,70350.000000,68577.718750,99
2017-05-30,70400.000000,70590.000000,69700.000000,70200.000000,68431.500000,155
2017-05-31,70200.000000,71080.000000,70200.000000,71080.000000,69289.320313,309
2017-06-01,71140.000000,72180.000000,70830.000000,72180.000000,70361.617188,410
2017-06-02,72170.000000,72280.000000,71650.000000,72210.000000,70390.859375,183
2017-06-06,72000.000000,72200.000000,71020.000000,71610.000000,69805.976563,181
2017-06-07,71500.000000,71500.000000,70510.000000,71190.000000,69396.554688,186
2017-06-08,70710.000000,71050.000000,70050.000000,70130.000000,68363.257813,180
2017-06-09,70050.000000,70920.000000,69700.000000,70260.000000,68489.984375,116
2017-06-12,70250.000000,70250.000000,69030.000000,69600.000000,67846.609375,133
2017-06-13,69850.000000,69950.000000,69450.000000,69810.000000,68051.320313,141
2017-06-14,69700.000000,70360.000000,69560.000000,69850.000000,68090.312500,129
2017-06-15,69730.000000,69760.000000,69120.000000,69500.000000,67749.132813,116
2017-06-16,70110.000000,71050.000000,69720.000000,70840.000000,69055.375000,393
2017-06-19,70590.000000,71420.000000,69950.000000,71420.000000,69620.757813,158
2017-06-20,70770.000000,71340.000000,70510.000000,70850.000000,69065.117188,137
2017-06-21,70250.000000,70890.000000,70070.000000,70890.000000,69104.109375,166
2017-06-22,70100.000000,71040.000000,70100.000000,70540.000000,68762.929688,138
2017-06-23,70270.000000,70680.000000,69750.000000,69830.000000,68070.820313,130
2017-06-26,70000.000000,70240.000000,69550.000000,69630.000000,67875.851563,155
2017-06-27,69500.000000,69550.000000,68100.000000,68560.000000,66832.812500,254
2017-06-28,68800.000000,68800.000000,67580.000000,68490.000000,66764.570313,209
2017-06-29,68620.000000,68620.000000,66720.000000,66830.000000,65146.394531,196
2017-06-30,66820.000000,67460.000000,66500.000000,66850.000000,65165.890625,171
2017-07-03,67280.000000,67300.000000,66100.000000,66740.000000,65058.656250,153
2017-07-04,66520.000000,67140.000000,66390.000000,66620.000000,64941.687500,98
2017-07-05,66400.000000,66500.000000,65570.000000,65860.000000,64200.832031,183
2017-07-06,65700.000000,65890.000000,64100.000000,64600.000000,62972.574219,289
2017-07-07,64150.000000,65460.000000,64040.000000,65150.000000,63508.714844,148
2017-07-10,64880.000000,66500.000000,64880.000000,65380.000000,63732.921875,134
2017-07-11,65260.000000,65700.000000,64400.000000,65480.000000,63830.402344,190
2017-07-12,65400.000000,67090.000000,65400.000000,66810.000000,65126.898438,150
2017-07-13,66810.000000,67000.000000,65800.000000,66020.000000,64356.796875,171
2017-07-14,66060.000000,66650.000000,65600.000000,66550.000000,64873.445313,131
2017-07-17,66940.000000,67150.000000,66020.000000,67150.000000,65458.328125,172
2017-07-18,66600.000000,67300.000000,66450.000000,66810.000000,65126.898438,116
2017-07-19,66280.000000,67140.000000,66280.000000,66790.000000,65107.402344,96
2017-07-20,67000.000000,67270.000000,66470.000000,66900.000000,65214.628906,115
2017-07-21,66710.000000,67000.000000,66500.000000,66580.000000,64902.695313,86
2017-07-24,66710.000000,66820.000000,65260.000000,65260.000000,63615.945313,144
2017-07-25,63700.000000,64750.000000,61790.000000,62970.000000,61383.636719,619
2017-07-26,64160.000000,65280.000000,63220.000000,64550.000000,62923.832031,340
2017-07-27,64320.000000,65220.000000,64320.000000,64450.000000,62826.351563,190
2017-07-28,64210.000000,65840.000000,64210.000000,65110.000000,63469.722656,231
2017-07-31,65970.000000,66110.000000,65110.000000,65910.000000,64249.574219,234
2017-08-02,66590.000000,66600.000000,65660.000000,65960.000000,64298.308594,169
2017-08-03,65750.000000,66400.000000,65700.000000,66150.000000,64483.523438,101
2017-08-04,66110.000000,66660.000000,65960.000000,66540.000000,64863.703125,110
2017-08-07,66480.000000,66520.000000,65460.000000,65970.000000,64308.058594,100
2017-08-08,65970.000000,65970.000000,65020.000000,65580.000000,63927.886719,115
2017-08-09,65060.000000,65400.000000,64600.000000,64690.000000,63060.308594,140
2017-08-10,64990.000000,64990.000000,64040.000000,64180.000000,62563.152344,102
2017-08-11,64890.000000,64890.000000,64000.000000,64050.000000,62436.429688,79
2017-08-14,64200.000000,65430.000000,64200.000000,65000.000000,63362.496094,79
2017-08-15,64720.000000,65640.000000,64600.000000,65000.000000,63362.496094,93
2017-08-16,64500.000000,65000.000000,64400.000000,64720.000000,63089.546875,100
2017-08-17,64410.000000,64800.000000,64360.000000,64720.000000,63089.546875,61
2017-08-18,64120.000000,64500.000000,63390.000000,64250.000000,62631.390625,77
2017-08-21,65100.000000,66470.000000,64940.000000,66410.000000,64736.972656,200
2017-08-22,66490.000000,66990.000000,66400.000000,66660.000000,64980.679688,135
2017-08-23,66660.000000,66660.000000,66000.000000,66320.000000,64649.242188,105
2017-08-24,66550.000000,66750.000000,66270.000000,66450.000000,64775.964844,81
2017-08-25,66410.000000,66430.000000,66010.000000,66190.000000,64522.519531,108
2017-08-28,65810.000000,66390.000000,65450.000000,65690.000000,64035.113281,48
2017-08-29,65450.000000,65570.000000,65060.000000,65480.000000,63830.402344,107
2017-08-30,65590.000000,66050.000000,65500.000000,65930.000000,64269.070313,141
2017-08-31,65720.000000,66710.000000,65720.000000,66710.000000,65029.417969,546
2017-09-01,66690.000000,66850.000000,66270.000000,66690.000000,65009.921875,116
2017-09-04,65770.000000,66280.000000,65770.000000,66070.000000,64405.539063,116
2017-09-05,66150.000000,66400.000000,66030.000000,66200.000000,64532.265625,138
2017-09-06,66050.000000,66630.000000,65860.000000,66050.000000,64386.042969,157
2017-09-07,66200.000000,67000.000000,66150.000000,66800.000000,65117.148438,133
2017-09-08,66600.000000,67420.000000,66600.000000,67410.000000,65711.781250,103
2017-09-11,67400.000000,68000.000000,67210.000000,68000.000000,66286.914063,190
2017-09-12,68000.000000,68750.000000,67840.000000,68510.000000,66784.070313,203
2017-09-13,68510.000000,68510.000000,67930.000000,68480.000000,66754.828125,114
2017-09-14,68070.000000,68530.000000,67880.000000,68520.000000,66793.820313,114
2017-09-15,68760.000000,69500.000000,68000.000000,68110.000000,66394.148438,608
2017-09-18,68110.000000,68110.000000,68110.000000,68110.000000,66394.148438,0
2017-09-19,68110.000000,68110.000000,68110.000000,68110.000000,66394.148438,0
2017-09-20,68110.000000,68110.000000,68110.000000,68110.000000,66394.148438,0
2017-09-21,68110.000000,68110.000000,68110.000000,68110.000000,66394.148438,0
2017-09-22,68110.000000,68110.000000,68110.000000,68110.000000,66394.148438,0
2017-09-25,68110.000000,68110.000000,68110.000000,68110.000000,66394.148438,0
2017-09-26,68110.000000,68110.000000,68110.000000,68110.000000,66394.148438,0
2017-09-27,68110.000000,68110.000000,68110.000000,68110.000000,66394.148438,0
2017-09-28,68110.000000,68110.000000,68110.000000,68110.000000,66394.148438,0
2017-09-29,68110.000000,68110.000000,68110.000000,68110.000000,66394.148438,0
2017-10-02,67060.000000,67670.000000,66705.000000,67200.000000,65507.074219,162
2017-10-03,67200.000000,67700.000000,66660.000000,67700.000000,65994.476563,224
2017-10-04,67680.000000,68300.000000,67015.000000,68300.000000,66579.359375,210
2017-10-05,67755.000000,68600.000000,67755.000000,68600.000000,66871.796875,155
2017-10-06,68645.000000,68645.000000,67845.000000,67935.000000,66223.554688,81
2017-10-09,68100.000000,68260.000000,67650.000000,67795.000000,66087.085938,65
2017-10-10,67325.000000,68565.000000,67325.000000,68330.000000,66608.601563,116
2017-10-11,68400.000000,68635.000000,67800.000000,68330.000000,66608.601563,86
2017-10-12,68365.000000,68545.000000,68215.000000,68240.000000,66520.875000,79
2017-10-13,68240.000000,68550.000000,67870.000000,68280.000000,66559.867188,131
2017-10-16,68435.000000,68525.000000,67855.000000,67935.000000,66223.554688,86
2017-10-17,67615.000000,68305.000000,67615.000000,68060.000000,66345.406250,151
2017-10-18,68185.000000,68760.000000,67760.000000,68390.000000,66667.093750,118
2017-10-19,68695.000000,68695.000000,68120.000000,68505.000000,66779.195313,108
2017-10-20,68505.000000,68775.000000,68410.000000,68450.000000,66725.578125,85
2017-10-23,68345.000000,68620.000000,68045.000000,68230.000000,66511.125000,136
2017-10-24,68535.000000,68535.000000,67605.000000,67620.000000,65916.492188,148
2017-10-25,67620.000000,68150.000000,67575.000000,67940.000000,66228.437500,128
2017-10-26,67655.000000,68455.000000,67635.000000,68455.000000,66730.453125,137
2017-10-27,68595.000000,68720.000000,68050.000000,68425.000000,66701.210938,116
2017-10-30,68425.000000,68800.000000,68270.000000,68800.000000,67066.765625,93
2017-10-31,68570.000000,69260.000000,68570.000000,69260.000000,67515.171875,149
2017-11-01,68845.000000,69670.000000,68845.000000,69600.000000,67846.609375,99
2017-11-02,69845.000000,69845.000000,68205.000000,68235.000000,66516.000000,129
2017-11-03,68325.000000,68540.000000,68010.000000,68020.000000,66306.414063,110
2017-11-06,68030.000000,68590.000000,67870.000000,67870.000000,66160.195313,101
2017-11-07,67750.000000,67750.000000,67115.000000,67115.000000,65424.214844,155
2017-11-08,67500.000000,67675.000000,66830.000000,67535.000000,65833.632813,167
2017-11-09,66850.000000,67450.000000,66100.000000,66550.000000,64873.445313,164
2017-11-10,66310.000000,66890.000000,66005.000000,66665.000000,64985.546875,97
2017-11-13,66920.000000,67400.000000,66415.000000,67390.000000,65692.289063,77
2017-11-14,67050.000000,67715.000000,67050.000000,67425.000000,65726.406250,73
2017-11-15,67205.000000,67365.000000,67000.000000,67000.000000,65312.109375,99
2017-11-16,67085.000000,67350.000000,66950.000000,66950.000000,65263.375000,96
2017-11-17,66995.000000,67500.000000,66675.000000,67395.000000,65697.164063,105
2017-11-20,67380.000000,67500.000000,66720.000000,66850.000000,65165.890625,134
2017-11-21,66680.000000,67705.000000,66680.000000,67155.000000,65463.207031,246
2017-11-22,67015.000000,68230.000000,67015.000000,67500.000000,65799.515625,283
2017-11-23,67400.000000,67755.000000,67025.000000,67410.000000,65711.781250,131
2017-11-24,67500.000000,67900.000000,66625.000000,66725.000000,65044.039063,123
2017-11-27,66725.000000,67400.000000,66725.000000,66750.000000,65068.410156,126
2017-11-28,67285.000000,68500.000000,66750.000000,67955.000000,66243.054688,220
2017-11-29,68000.000000,68320.000000,67475.000000,67725.000000,66018.851563,137
2017-11-30,67545.000000,68930.000000,67110.000000,68930.000000,67193.484375,663
2017-12-01,68925.000000,68925.000000,68165.000000,68335.000000,66613.476563,163
2017-12-04,68255.000000,68945.000000,68110.000000,68945.000000,67208.117188,122
2017-12-05,68500.000000,69595.000000,68500.000000,69245.000000,67500.554688,142
2017-12-06,68005.000000,69735.000000,68005.000000,69625.000000,67870.984375,147
2017-12-07,69705.000000,69815.000000,69400.000000,69815.000000,68056.195313,149
2017-12-08,69455.000000,69765.000000,69140.000000,69370.000000,67622.406250,67
2017-12-11,68850.000000,69360.000000,68420.000000,68890.000000,67154.492188,93
2017-12-12,68950.000000,68950.000000,68390.000000,68825.000000,67091.132813,107
2017-12-13,68545.000000,68935.000000,68225.000000,68815.000000,67081.382813,83
2017-12-14,68900.000000,68900.000000,68300.000000,68745.000000,67013.148438,129
2017-12-15,68750.000000,69500.000000,68300.000000,69500.000000,67749.132813,331
2017-12-18,69500.000000,69500.000000,69090.000000,69470.000000,67719.890625,126
2017-12-19,69470.000000,69950.000000,69230.000000,69950.000000,68187.796875,105
2017-12-20,69825.000000,70000.000000,69465.000000,70000.000000,68236.531250,163
2017-12-21,70000.000000,70090.000000,69560.000000,69560.000000,67807.617188,163
2017-12-22,69995.000000,69995.000000,69380.000000,69660.000000,67905.101563,80
2017-12-27,69720.000000,70100.000000,69455.000000,70100.000000,68334.015625,141
2017-12-28,70095.000000,70300.000000,69735.000000,70300.000000,68528.976563,77
2017-12-29,70000.000000,70485.000000,69965.000000,70485.000000,68709.312500,68
2018-01-03,70300.000000,71100.000000,70300.000000,70500.000000,68723.937500,184
2018-01-04,70600.000000,70700.000000,70100.000000,70700.000000,68918.898438,94
2018-01-05,70300.000000,70700.000000,70200.000000,70500.000000,68723.937500,113
2018-01-08,70300.000000,70500.000000,70100.000000,70100.000000,68334.015625,98
2018-01-09,70000.000000,71000.000000,69500.000000,71000.000000,69211.343750,152
2018-01-10,70800.000000,71000.000000,69800.000000,70300.000000,68528.976563,147
2018-01-11,70500.000000,70500.000000,69300.000000,70300.000000,68528.976563,147
2018-01-12,70300.000000,71000.000000,70000.000000,71000.000000,69211.343750,128
2018-01-15,70900.000000,71100.000000,70300.000000,71000.000000,69211.343750,135
2018-01-16,70300.000000,70500.000000,67500.000000,69300.000000,67554.164063,375
2018-01-17,68500.000000,69600.000000,68300.000000,69600.000000,67846.609375,261
2018-01-18,69600.000000,70800.000000,69000.000000,70100.000000,68334.015625,225
2018-01-19,70100.000000,70500.000000,69700.000000,70100.000000,68334.015625,153
2018-01-22,69800.000000,70400.000000,69800.000000,70400.000000,68626.460938,139
2018-01-23,70000.000000,70700.000000,69800.000000,70200.000000,68431.500000,181
2018-01-24,70500.000000,70900.000000,70200.000000,70200.000000,68431.500000,110
2018-01-25,70200.000000,70300.000000,69400.000000,69400.000000,67651.648438,149
2018-01-26,68900.000000,70500.000000,68900.000000,69600.000000,67846.609375,125
2018-01-29,69200.000000,69700.000000,68400.000000,68400.000000,66676.843750,130
2018-01-30,68700.000000,69100.000000,68400.000000,68400.000000,66676.843750,143
2018-01-31,68200.000000,69600.000000,68200.000000,69600.000000,67846.609375,151
2018-02-01,69600.000000,69800.000000,68700.000000,68700.000000,66969.281250,180
2018-02-02,69400.000000,69500.000000,68500.000000,68700.000000,66969.281250,146
2018-02-05,68700.000000,69300.000000,67500.000000,68500.000000,66774.328125,192
2018-02-06,66500.000000,67800.000000,66500.000000,67200.000000,65507.074219,252
2018-02-07,66800.000000,68200.000000,66800.000000,67700.000000,65994.476563,238
2018-02-08,67500.000000,68000.000000,66800.000000,66900.000000,65214.628906,151
2018-02-09,66500.000000,67200.000000,65700.000000,65700.000000,64044.859375,189
2018-02-12,66500.000000,67200.000000,65600.000000,66900.000000,65214.628906,176
2018-02-13,67500.000000,67500.000000,66300.000000,66300.000000,64629.746094,134
2018-02-14,66800.000000,67200.000000,66200.000000,66800.000000,65117.148438,231
2018-02-15,67500.000000,67700.000000,66500.000000,67600.000000,65896.992188,160
2018-02-16,67900.000000,68400.000000,67900.000000,68100.000000,66384.398438,88
2018-02-19,68100.000000,68100.000000,67000.000000,67500.000000,65799.515625,106
2018-02-20,67200.000000,67800.000000,67100.000000,67500.000000,65799.515625,89
2018-02-21,67300.000000,68200.000000,67200.000000,67800.000000,66091.960938,161
2018-02-22,67600.000000,67600.000000,66700.000000,67600.000000,65896.992188,133
2018-02-23,67700.000000,68500.000000,67100.000000,68300.000000,66579.359375,95
2018-02-26,68200.000000,68600.000000,68100.000000,68600.000000,66871.796875,79
2018-02-27,68500.000000,68900.000000,68300.000000,68800.000000,67066.765625,105
2018-02-28,68300.000000,68700.000000,67700.000000,68200.000000,66481.882813,185
2018-03-01,67600.000000,68100.000000,67300.000000,67500.000000,65799.515625,122
2018-03-02,67600.000000,67600.000000,67000.000000,67400.000000,65702.031250,107
2018-03-05,67300.000000,67900.000000,67100.000000,67900.000000,66189.437500,178
2018-03-06,68600.000000,68600.000000,66500.000000,67600.000000,65896.992188,215
2018-03-07,67400.000000,68100.000000,67100.000000,67900.000000,66189.437500,174
2018-03-08,67800.000000,68100.000000,67600.000000,68100.000000,66384.398438,115
2018-03-09,68000.000000,69300.000000,67900.000000,69000.000000,67261.726563,145
2018-03-12,68900.000000,69400.000000,68900.000000,69100.000000,67359.210938,134
2018-03-13,69100.000000,69500.000000,68800.000000,69500.000000,67749.132813,159
2018-03-14,69200.000000,69300.000000,68700.000000,69000.000000,67261.726563,153
2018-03-15,69100.000000,69500.000000,68600.000000,69500.000000,67749.132813,127
2018-03-16,69700.000000,69700.000000,68800.000000,69500.000000,67749.132813,472
2018-03-19,69300.000000,69600.000000,68400.000000,69500.000000,67749.132813,171
2018-03-20,69100.000000,69400.000000,68800.000000,69400.000000,67651.648438,91
2018-03-21,69200.000000,69900.000000,69100.000000,69900.000000,68139.046875,214
2018-03-22,69600.000000,69900.000000,69100.000000,69500.000000,67749.132813,134
2018-03-23,68700.000000,69900.000000,68700.000000,69800.000000,68041.578125,198
2018-03-26,69000.000000,70200.000000,69000.000000,69700.000000,67944.093750,146
2018-03-27,70200.000000,70300.000000,69700.000000,70300.000000,68528.976563,148
2018-03-28,70200.000000,70400.000000,69500.000000,69900.000000,68139.046875,300
2018-03-29,69800.000000,70000.000000,69200.000000,69500.000000,67749.132813,394
2018-04-03,69800.000000,70300.000000,69400.000000,70300.000000,68528.976563,300
2018-04-04,69900.000000,70400.000000,69800.000000,70100.000000,68334.015625,166
2018-04-05,70000.000000,70400.000000,69900.000000,70000.000000,68236.531250,195
2018-04-06,69700.000000,70800.000000,69700.000000,70300.000000,68528.976563,137
2018-04-09,70200.000000,70900.000000,70200.000000,70900.000000,69113.859375,116
2018-04-10,70500.000000,71200.000000,70500.000000,71200.000000,69406.304688,160
2018-04-11,71100.000000,71300.000000,70700.000000,71000.000000,69211.343750,108
2018-04-12,70900.000000,71300.000000,70700.000000,71300.000000,69503.781250,93
2018-04-13,71200.000000,71900.000000,71000.000000,71900.000000,70088.664063,147
2018-04-16,71800.000000,72200.000000,71600.000000,72200.000000,70381.117188,107
2018-04-17,72200.000000,73100.000000,72000.000000,73000.000000,71160.953125,174
2018-04-18,72700.000000,73200.000000,72500.000000,73200.000000,71355.921875,121
2018-04-19,72800.000000,74000.000000,72600.000000,74000.000000,72135.765625,116
2018-04-20,73600.000000,74500.000000,73500.000000,74500.000000,72623.171875,135
2018-04-23,74000.000000,74300.000000,73800.000000,74300.000000,72428.203125,114
2018-04-24,74200.000000,74200.000000,73500.000000,74100.000000,72233.250000,122
2018-04-25,73700.000000,74500.000000,73600.000000,74500.000000,72623.171875,111
2018-04-26,73900.000000,74500.000000,73900.000000,74500.000000,72623.171875,114
2018-04-27,73900.000000,75300.000000,73900.000000,75200.000000,73305.531250,170
2018-04-30,74800.000000,75400.000000,74800.000000,75400.000000,73500.500000,147
2018-05-02,75100.000000,75400.000000,74000.000000,75400.000000,73500.500000,234
2018-05-03,75000.000000,75400.000000,74500.000000,75300.000000,73403.015625,174
2018-05-04,74800.000000,75200.000000,74500.000000,74800.000000,72915.609375,126
2018-05-07,74100.000000,75200.000000,74000.000000,74700.000000,72818.132813,154
2018-05-08,74100.000000,74700.000000,74100.000000,74200.000000,73242.578125,180
2018-05-09,74000.000000,74400.000000,73700.000000,74200.000000,73242.578125,157
2018-05-11,74200.000000,75000.000000,74200.000000,75000.000000,74032.257813,187
2018-05-14,74700.000000,75700.000000,74700.000000,75700.000000,74723.226563,256
2018-05-15,75000.000000,75700.000000,74800.000000,75700.000000,74723.226563,185
2018-05-16,75700.000000,75700.000000,75100.000000,75400.000000,74427.101563,167
2018-05-17,75400.000000,75900.000000,75100.000000,75900.000000,74920.648438,164
2018-05-18,75600.000000,77000.000000,75500.000000,77000.000000,76006.453125,222
2018-05-22,77000.000000,77100.000000,75500.000000,76300.000000,75315.484375,217
2018-05-23,75400.000000,75900.000000,75100.000000,75800.000000,74821.937500,176
2018-05-24,75400.000000,75800.000000,75400.000000,75800.000000,74821.937500,84
2018-05-25,75500.000000,75900.000000,74600.000000,75900.000000,74920.648438,268
2018-05-28,75500.000000,76800.000000,75400.000000,76500.000000,75512.906250,184
2018-05-29,76100.000000,76400.000000,75700.000000,75800.000000,74821.937500,220
2018-05-30,75800.000000,76200.000000,75500.000000,75800.000000,74821.937500,150
2018-05-31,75900.000000,76100.000000,74500.000000,74500.000000,73538.710938,491
2018-06-01,73700.000000,74900.000000,73500.000000,73700.000000,72749.031250,254
2018-06-04,74000.000000,74500.000000,73600.000000,73900.000000,72946.453125,164
2018-06-05,73900.000000,74600.000000,73200.000000,74000.000000,73045.164063,135
2018-06-06,74000.000000,74700.000000,73700.000000,74400.000000,73440.000000,138
2018-06-07,74500.000000,74700.000000,74300.000000,74500.000000,73538.710938,107
2018-06-08,74500.000000,75600.000000,74300.000000,75400.000000,74427.101563,183
2018-06-11,74700.000000,76200.000000,74700.000000,75900.000000,74920.648438,192
2018-06-12,75700.000000,76400.000000,75700.000000,75900.000000,74920.648438,168
2018-06-13,76000.000000,76300.000000,76000.000000,76100.000000,75118.062500,111
2018-06-14,76300.000000,76300.000000,75400.000000,75600.000000,74624.515625,257
2018-06-15,76000.000000,76500.000000,75700.000000,76400.000000,75414.195313,456
2018-06-18,76000.000000,76000.000000,74900.000000,74900.000000,73933.546875,161
2018-06-19,74900.000000,75100.000000,74300.000000,74800.000000,73834.835938,237
2018-06-20,75400.000000,75800.000000,74700.000000,75100.000000,74130.968750,154
2018-06-21,75200.000000,75700.000000,75200.000000,75400.000000,74427.101563,116
2018-06-22,75100.000000,75900.000000,75100.000000,75800.000000,74821.937500,80
2018-06-25,75500.000000,75800.000000,75300.000000,75600.000000,74624.515625,119
2018-06-26,75500.000000,76500.000000,75500.000000,76500.000000,75512.906250,167
2018-06-27,76300.000000,76700.000000,75900.000000,76700.000000,75710.320313,146
2018-06-28,76200.000000,76500.000000,75900.000000,76000.000000,75019.359375,127
2018-06-29,76500.000000,76700.000000,75100.000000,75400.000000,74427.101563,260
2018-07-02,75200.000000,76300.000000,75200.000000,76000.000000,75019.359375,146
2018-07-03,75900.000000,76300.000000,75600.000000,76300.000000,75315.484375,241
2018-07-04,76200.000000,77000.000000,75900.000000,76800.000000,75809.031250,94
2018-07-05,76400.000000,76800.000000,76100.000000,76400.000000,75414.195313,168
2018-07-06,76200.000000,77000.000000,76200.000000,77000.000000,76006.453125,135
2018-07-09,76500.000000,77200.000000,76500.000000,77200.000000,76203.875000,145
2018-07-10,76800.000000,77700.000000,76800.000000,77700.000000,76697.421875,202
2018-07-11,77100.000000,78900.000000,76900.000000,78900.000000,77881.937500,202
2018-07-12,78500.000000,79000.000000,78300.000000,79000.000000,77980.648438,193
2018-07-13,79200.000000,79300.000000,78000.000000,78400.000000,77388.390625,159
2018-07-16,78400.000000,78700.000000,77900.000000,78500.000000,77487.101563,93
2018-07-17,78400.000000,78700.000000,77700.000000,77900.000000,76894.835938,139
2018-07-18,77600.000000,77900.000000,76900.000000,77900.000000,76894.835938,172
2018-07-19,77400.000000,78300.000000,77300.000000,77900.000000,76894.835938,80
2018-07-20,77900.000000,78300.000000,77100.000000,77800.000000,76796.132813,137
2018-07-23,77500.000000,77800.000000,76200.000000,76800.000000,75809.031250,141
2018-07-24,76100.000000,78700.000000,76100.000000,78600.000000,77585.804688,169
2018-07-25,78300.000000,79000.000000,78200.000000,78500.000000,77487.101563,129
2018-07-26,78500.000000,79700.000000,78500.000000,79400.000000,78375.484375,127
2018-07-27,79100.000000,79900.000000,79100.000000,79800.000000,78770.320313,103
2018-07-30,79400.000000,79900.000000,79300.000000,79600.000000,78572.906250,127
2018-07-31,79700.000000,79900.000000,79200.000000,79400.000000,78375.484375,223
2018-08-02,79900.000000,82100.000000,79300.000000,81800.000000,80744.515625,291
2018-08-03,81900.000000,82300.000000,80900.000000,82300.000000,81238.062500,179
2018-08-06,82000.000000,82900.000000,82000.000000,82500.000000,81435.484375,124
2018-08-07,82000.000000,82700.000000,81500.000000,81600.000000,80547.101563,88
2018-08-08,82000.000000,82300.000000,81400.000000,82300.000000,81238.062500,99
2018-08-09,82000.000000,82700.000000,81900.000000,82700.000000,81632.906250,81
2018-08-10,82700.000000,82700.000000,81300.000000,81600.000000,80547.101563,100
2018-08-13,81800.000000,81900.000000,81000.000000,81100.000000,80053.546875,78
2018-08-14,81400.000000,81700.000000,80900.000000,81500.000000,80448.390625,114
2018-08-15,81500.000000,81700.000000,80900.000000,81400.000000,80349.679688,76
2018-08-16,81500.000000,81700.000000,80700.000000,81400.000000,80349.679688,102
2018-08-17,81300.000000,81600.000000,81000.000000,81500.000000,80448.390625,85
2018-08-20,81400.000000,82800.000000,81400.000000,82000.000000,80941.937500,141
2018-08-21,82000.000000,82700.000000,81900.000000,82200.000000,81139.359375,89
2018-08-22,82000.000000,82400.000000,81900.000000,82300.000000,81238.062500,67
2018-08-23,82400.000000,82500.000000,81900.000000,82300.000000,81238.062500,98
2018-08-24,82000.000000,83000.000000,82000.000000,83000.000000,81929.031250,175
2018-08-27,82700.000000,82900.000000,82300.000000,82700.000000,81632.906250,94
2018-08-28,82500.000000,83000.000000,82300.000000,82600.000000,81534.195313,74
2018-08-29,82500.000000,84000.000000,82300.000000,84000.000000,82916.132813,164
2018-08-30,84000.000000,85300.000000,83600.000000,84600.000000,83508.390625,185
2018-08-31,85000.000000,85400.000000,84000.000000,85400.000000,84298.062500,295
2018-09-03,84700.000000,84800.000000,82900.000000,84000.000000,82916.132813,166
2018-09-04,82300.000000,82600.000000,78700.000000,80500.000000,79461.289063,367
2018-09-05,79600.000000,80000.000000,78100.000000,78600.000000,77585.804688,377
2018-09-06,78000.000000,78500.000000,77200.000000,77500.000000,76500.000000,252
2018-09-07,77100.000000,78000.000000,76800.000000,77700.000000,76697.421875,178
2018-09-10,77300.000000,78900.000000,77300.000000,78500.000000,77487.101563,146
2018-09-11,78800.000000,80600.000000,78700.000000,80000.000000,78967.742188,193
2018-09-12,80000.000000,80100.000000,79100.000000,80100.000000,79066.453125,134
2018-09-13,79800.000000,80500.000000,79600.000000,80200.000000,79165.164063,116
2018-09-14,80300.000000,80600.000000,79600.000000,80600.000000,79560.000000,103
2018-09-17,80600.000000,81200.000000,80100.000000,81200.000000,80152.257813,68
2018-09-18,80800.000000,81000.000000,80300.000000,80600.000000,79560.000000,126
2018-09-19,80900.000000,80900.000000,78800.000000,79300.000000,78276.773438,152
2018-09-20,78600.000000,79000.000000,78200.000000,78500.000000,77487.101563,182
2018-09-21,78300.000000,78900.000000,77800.000000,78900.000000,77881.937500,359
2018-09-24,78800.000000,79100.000000,78400.000000,78800.000000,77783.226563,83
2018-09-25,78900.000000,79100.000000,78000.000000,78700.000000,77684.515625,142
2018-09-26,78700.000000,79500.000000,78700.000000,78900.000000,77881.937500,174
2018-09-27,79300.000000,79500.000000,79000.000000,79200.000000,78178.062500,102
2018-09-28,79400.000000,80500.000000,78500.000000,80500.000000,79461.289063,221
2018-10-01,79800.000000,80600.000000,79800.000000,80200.000000,79165.164063,124
2018-10-02,79800.000000,80300.000000,79600.000000,79600.000000,78572.906250,149
2018-10-03,79700.000000,79800.000000,78700.000000,78900.000000,77881.937500,132
2018-10-04,79600.000000,79600.000000,77000.000000,77000.000000,76006.453125,166
2018-10-05,77100.000000,77200.000000,75500.000000,76700.000000,75710.320313,156
2018-10-08,76300.000000,77000.000000,76200.000000,76700.000000,75710.320313,87
2018-10-09,76700.000000,77500.000000,76000.000000,77500.000000,76500.000000,113
2018-10-10,77700.000000,77700.000000,76100.000000,76200.000000,75216.773438,103
2018-10-11,76000.000000,76400.000000,75400.000000,75700.000000,74723.226563,169
2018-10-12,75600.000000,76200.000000,75600.000000,76000.000000,75019.359375,91
2018-10-15,76000.000000,76400.000000,75800.000000,76300.000000,75315.484375,104
2018-10-16,76000.000000,78600.000000,76000.000000,78600.000000,77585.804688,169
2018-10-17,78300.000000,79200.000000,77500.000000,77700.000000,76697.421875,155
2018-10-18,77800.000000,78600.000000,77800.000000,78000.000000,76993.546875,145
2018-10-19,78400.000000,78600.000000,77600.000000,78300.000000,77289.679688,93
2018-10-22,78400.000000,78500.000000,77400.000000,77500.000000,76500.000000,86
2018-10-23,77100.000000,77400.000000,76300.000000,76500.000000,75512.906250,152
2018-10-24,76500.000000,78600.000000,76500.000000,77600.000000,76598.710938,151
2018-10-25,78300.000000,78300.000000,76000.000000,77300.000000,76302.578125,192
2018-10-26,76400.000000,77900.000000,76400.000000,77700.000000,76697.421875,154
2018-10-29,77600.000000,78500.000000,77100.000000,77700.000000,76697.421875,118
2018-10-30,77100.000000,79800.000000,77100.000000,79500.000000,78474.195313,143
2018-10-31,79800.000000,80400.000000,79300.000000,80400.000000,79362.578125,231
2018-11-01,80000.000000,81300.000000,80000.000000,80300.000000,79263.875000,177
2018-11-02,80300.000000,80800.000000,78900.000000,79700.000000,78671.617188,202
2018-11-05,79800.000000,80500.000000,79300.000000,80300.000000,79263.875000,95
2018-11-06,80500.000000,80700.000000,79300.000000,79800.000000,78770.320313,147
2018-11-07,79000.000000,79700.000000,78500.000000,79600.000000,78572.906250,145
2018-11-08,79800.000000,80400.000000,79400.000000,80000.000000,78967.742188,130
2018-11-09,79900.000000,81400.000000,79800.000000,81400.000000,80349.679688,222
2018-11-12,81400.000000,82700.000000,81100.000000,82000.000000,80941.937500,157
2018-11-13,81900.000000,82400.000000,81400.000000,81700.000000,80645.804688,146
2018-11-14,81800.000000,82600.000000,81100.000000,82500.000000,81435.484375,177
2018-11-15,82500.000000,82500.000000,80800.000000,80800.000000,79757.421875,171
2018-11-16,81500.000000,81500.000000,80400.000000,81000.000000,79954.835938,91
2018-11-19,80600.000000,81100.000000,79500.000000,79600.000000,78572.906250,127
2018-11-20,79000.000000,79900.000000,78600.000000,78600.000000,77585.804688,154
2018-11-21,79000.000000,79100.000000,78300.000000,79100.000000,78079.359375,111
2018-11-22,78900.000000,79400.000000,78700.000000,78900.000000,77881.937500,59
2018-11-23,78600.000000,78700.000000,78100.000000,78300.000000,77289.679688,79
2018-11-26,78900.000000,79000.000000,78200.000000,78900.000000,77881.937500,95
2018-11-27,79300.000000,79800.000000,78500.000000,79800.000000,78770.320313,159
2018-11-28,79200.000000,79800.000000,78700.000000,79800.000000,78770.320313,166
2018-11-29,79000.000000,80300.000000,79000.000000,80300.000000,79263.875000,129
2018-11-30,80200.000000,80300.000000,79300.000000,80300.000000,79263.875000,301
2018-12-03,80700.000000,81000.000000,78000.000000,78700.000000,77684.515625,200
2018-12-04,77900.000000,80800.000000,77900.000000,80800.000000,79757.421875,192
2018-12-05,80700.000000,80700.000000,79500.000000,80300.000000,79263.875000,117
2018-12-06,79700.000000,80200.000000,78000.000000,78400.000000,77388.390625,149
2018-12-07,78700.000000,79500.000000,78500.000000,79200.000000,78178.062500,96
2018-12-10,79000.000000,79700.000000,78100.000000,78100.000000,77092.257813,103
2018-12-11,78100.000000,78100.000000,76200.000000,77200.000000,76203.875000,211
2018-12-12,77100.000000,77800.000000,76700.000000,77000.000000,76006.453125,152
2018-12-13,77300.000000,77600.000000,76700.000000,77500.000000,76500.000000,98
2018-12-14,77100.000000,77300.000000,76600.000000,77100.000000,76105.164063,113
2018-12-17,77100.000000,77500.000000,76800.000000,77500.000000,76500.000000,103
2018-12-18,77400.000000,77400.000000,75100.000000,75300.000000,74328.390625,258
2018-12-19,75500.000000,75500.000000,73400.000000,74000.000000,73045.164063,346
2018-12-20,73300.000000,73500.000000,72200.000000,72800.000000,71860.648438,312
2018-12-21,73000.000000,73600.000000,71400.000000,73000.000000,72058.062500,434
2018-12-27,73200.000000,73700.000000,71500.000000,73000.000000,72058.062500,240
2018-12-28,72200.000000,73300.000000,72200.000000,73300.000000,72354.195313,268
2019-01-03,72800.000000,73100.000000,71800.000000,72000.000000,71070.968750,177
2019-01-04,71900.000000,72000.000000,71200.000000,72000.000000,71070.968750,263
2019-01-07,71900.000000,72500.000000,71700.000000,72500.000000,71564.515625,154
2019-01-08,72400.000000,72800.000000,72200.000000,72300.000000,71367.101563,98
2019-01-09,72300.000000,72400.000000,71200.000000,71300.000000,70380.000000,186
2019-01-10,71300.000000,72200.000000,71300.000000,72200.000000,71268.390625,170
2019-01-11,72300.000000,72300.000000,71700.000000,71900.000000,70972.257813,146
2019-01-14,72000.000000,72100.000000,71600.000000,71700.000000,70774.835938,142
2019-01-15,71200.000000,71500.000000,68600.000000,69200.000000,68307.093750,432
2019-01-16,69800.000000,70000.000000,69100.000000,69800.000000,68899.359375,252
2019-01-17,69800.000000,71800.000000,69800.000000,71700.000000,70774.835938,246
2019-01-18,72000.000000,73500.000000,71700.000000,73100.000000,72156.773438,196
2019-01-21,72900.000000,74300.000000,72900.000000,73800.000000,72847.742188,161
2019-01-22,73400.000000,73900.000000,71700.000000,72200.000000,71268.390625,241
2019-01-23,72200.000000,72700.000000,71600.000000,72600.000000,71663.226563,186
2019-01-24,71800.000000,72500.000000,71500.000000,72100.000000,71169.679688,203
2019-01-25,72500.000000,72500.000000,71600.000000,71900.000000,70972.257813,195
2019-01-28,71300.000000,72200.000000,71200.000000,71900.000000,70972.257813,162
2019-01-29,71400.000000,72800.000000,71400.000000,72600.000000,71663.226563,228
2019-01-30,72800.000000,74100.000000,72200.000000,74100.000000,73143.875000,258
2019-01-31,74000.000000,74200.000000,71600.000000,73000.000000,72058.062500,448
2019-02-01,73100.000000,73100.000000,70400.000000,70900.000000,69985.164063,210
2019-02-04,70700.000000,71800.000000,70700.000000,71400.000000,70478.710938,160
2019-02-05,71000.000000,72300.000000,71000.000000,72300.000000,71367.101563,174
2019-02-06,72400.000000,73200.000000,71800.000000,72500.000000,71564.515625,162
2019-02-07,72200.000000,72400.000000,71800.000000,72100.000000,71169.679688,151
2019-02-08,72100.000000,72100.000000,71100.000000,71100.000000,70182.578125,147
2019-02-11,71200.000000,71800.000000,71000.000000,71000.000000,70083.875000,94
2019-02-12,71300.000000,72500.000000,71100.000000,71500.000000,70577.421875,148
2019-02-13,71100.000000,72400.000000,71100.000000,71500.000000,70577.421875,133
2019-02-14,72000.000000,72900.000000,71900.000000,72400.000000,71465.804688,111
2019-02-15,72200.000000,72500.000000,72100.000000,72100.000000,71169.679688,111
2019-02-18,72500.000000,73500.000000,72400.000000,73500.000000,72551.617188,94
2019-02-19,73200.000000,73400.000000,72600.000000,73100.000000,72156.773438,140
2019-02-20,73400.000000,73500.000000,72000.000000,72600.000000,71663.226563,154
2019-02-21,72600.000000,74100.000000,72600.000000,74100.000000,73143.875000,141
2019-02-22,73700.000000,74100.000000,73300.000000,73500.000000,72551.617188,94
2019-02-25,73600.000000,73700.000000,73000.000000,73500.000000,72551.617188,90
2019-02-26,72800.000000,73500.000000,72800.000000,72900.000000,71959.359375,119
2019-02-27,73200.000000,73200.000000,71500.000000,73000.000000,72058.062500,124
2019-02-28,72400.000000,73800.000000,72400.000000,73800.000000,72847.742188,219
2019-03-01,74200.000000,75600.000000,73900.000000,75500.000000,74525.804688,138
2019-03-04,75200.000000,76300.000000,74000.000000,74400.000000,73440.000000,132
2019-03-05,74400.000000,74600.000000,72800.000000,74400.000000,73440.000000,199
2019-03-06,74100.000000,74800.000000,73900.000000,74800.000000,73834.835938,148
2019-03-07,74600.000000,76100.000000,74600.000000,75500.000000,74525.804688,168
2019-03-08,74900.000000,75600.000000,74900.000000,75100.000000,74130.968750,140
2019-03-11,74800.000000,75400.000000,74800.000000,75300.000000,74328.390625,43
2019-03-12,75200.000000,75500.000000,74900.000000,75400.000000,74427.101563,58
2019-03-13,75200.000000,76300.000000,75000.000000,76200.000000,75216.773438,75
2019-03-14,75700.000000,76600.000000,75700.000000,76000.000000,75019.359375,84
2019-03-15,76100.000000,76700.000000,75800.000000,76700.000000,75710.320313,91
2019-03-18,76800.000000,77600.000000,76000.000000,77000.000000,76006.453125,94
2019-03-19,77800.000000,77800.000000,76700.000000,77000.000000,76006.453125,51
2019-03-20,77500.000000,77500.000000,76600.000000,77200.000000,76203.875000,104
2019-03-21,77100.000000,77500.000000,76900.000000,77300.000000,76302.578125,33
2019-03-22,77300.000000,77600.000000,77000.000000,77000.000000,76006.453125,64
2019-03-25,76900.000000,77100.000000,76300.000000,76900.000000,75907.742188,58
2019-03-26,76800.000000,77700.000000,76500.000000,77500.000000,76500.000000,73
2019-03-27,77000.000000,77600.000000,77000.000000,77400.000000,76401.289063,82
2019-03-28,77800.000000,78300.000000,77500.000000,78100.000000,77092.257813,74
2019-03-29,78500.000000,78800.000000,77800.000000,78100.000000,77092.257813,119
2019-04-01,77700.000000,78800.000000,77700.000000,78000.000000,76993.546875,102
2019-04-02,77600.000000,78600.000000,77600.000000,78100.000000,77092.257813,120
2019-04-03,78000.000000,78800.000000,77700.000000,78800.000000,77783.226563,138
2019-04-04,77900.000000,78400.000000,77700.000000,78400.000000,77388.390625,116
2019-04-05,78500.000000,78600.000000,78100.000000,78500.000000,77487.101563,117
2019-04-08,78500.000000,78600.000000,78200.000000,78600.000000,77585.804688,76
2019-04-09,78000.000000,78400.000000,77000.000000,77000.000000,76006.453125,237
2019-04-10,77400.000000,78000.000000,77200.000000,77900.000000,76894.835938,113
2019-04-11,78200.000000,78500.000000,77700.000000,77900.000000,76894.835938,119
2019-04-12,78000.000000,78300.000000,77700.000000,78200.000000,77190.968750,135
2019-04-15,78400.000000,78700.000000,78000.000000,78500.000000,77487.101563,126
2019-04-16,78300.000000,78500.000000,78200.000000,78500.000000,77487.101563,99
2019-04-17,78500.000000,78500.000000,76200.000000,77400.000000,76401.289063,118
2019-04-18,77500.000000,78400.000000,77300.000000,78400.000000,77388.390625,142
2019-04-23,77800.000000,78900.000000,77800.000000,78800.000000,77783.226563,97
2019-04-24,78500.000000,78900.000000,78400.000000,78500.000000,77487.101563,92
2019-04-25,78400.000000,78600.000000,78100.000000,78100.000000,77092.257813,95
2019-04-26,78300.000000,78300.000000,77000.000000,77500.000000,76500.000000,120
2019-04-29,77900.000000,78300.000000,77300.000000,77500.000000,76500.000000,66
2019-04-30,78000.000000,78200.000000,77300.000000,77300.000000,76302.578125,159
2019-05-02,77300.000000,77600.000000,76800.000000,77100.000000,76105.164063,246
2019-05-03,76600.000000,77600.000000,76600.000000,77300.000000,76302.578125,117
2019-05-06,77300.000000,77500.000000,76700.000000,77500.000000,76500.000000,108
2019-05-07,76900.000000,77100.000000,76300.000000,76900.000000,76900.000000,170
2019-05-08,76200.000000,76900.000000,76200.000000,76500.000000,76500.000000,147
2019-05-09,76200.000000,77400.000000,75600.000000,76000.000000,76000.000000,138
2019-05-10,75800.000000,76300.000000,75200.000000,75400.000000,75400.000000,132
2019-05-13,75000.000000,75600.000000,74100.000000,75400.000000,75400.000000,160
2019-05-14,75300.000000,75900.000000,75100.000000,75400.000000,75400.000000,93
2019-05-15,75300.000000,76500.000000,75300.000000,76200.000000,76200.000000,133
2019-05-16,75900.000000,76800.000000,75900.000000,76600.000000,76600.000000,147
2019-05-17,76000.000000,76800.000000,75900.000000,76700.000000,76700.000000,154
2019-05-20,76100.000000,76800.000000,76000.000000,76500.000000,76500.000000,105
2019-05-21,76800.000000,76800.000000,76100.000000,76500.000000,76500.000000,88
2019-05-22,75800.000000,76600.000000,75600.000000,76300.000000,76300.000000,117
2019-05-23,75100.000000,76200.000000,75100.000000,75800.000000,75800.000000,111
2019-05-24,75400.000000,76200.000000,75400.000000,75800.000000,75800.000000,72
2019-05-27,76000.000000,76800.000000,75700.000000,76700.000000,76700.000000,69
2019-05-28,76800.000000,76800.000000,75400.000000,75400.000000,75400.000000,267
2019-05-29,75400.000000,75700.000000,75000.000000,75000.000000,75000.000000,103
2019-05-31,75500.000000,75500.000000,74200.000000,75000.000000,75000.000000,189
2019-06-03,75000.000000,76100.000000,74100.000000,75600.000000,75600.000000,170
2019-06-04,75100.000000,76800.000000,75100.000000,76300.000000,76300.000000,127
2019-06-05,76600.000000,76800.000000,76300.000000,76800.000000,76800.000000,100
2019-06-06,76800.000000,77600.000000,75600.000000,77400.000000,77400.000000,154
2019-06-07,76800.000000,78400.000000,76800.000000,78200.000000,78200.000000,119
2019-06-11,78600.000000,79100.000000,78100.000000,78500.000000,78500.000000,148
2019-06-12,78200.000000,78700.000000,78100.000000,78100.000000,78100.000000,178
2019-06-13,78200.000000,78500.000000,77600.000000,78300.000000,78300.000000,185
2019-06-14,78300.000000,78500.000000,78000.000000,78100.000000,78100.000000,104
2019-06-17,77700.000000,78600.000000,77700.000000,78300.000000,78300.000000,64
2019-06-18,78100.000000,79300.000000,78100.000000,78900.000000,78900.000000,124
2019-06-19,78500.000000,79000.000000,78500.000000,78900.000000,78900.000000,124
2019-06-20,79200.000000,79200.000000,78400.000000,78600.000000,78600.000000,138
2019-06-21,78800.000000,79400.000000,78500.000000,78800.000000,78800.000000,350
2019-06-24,79100.000000,79200.000000,78500.000000,78900.000000,78900.000000,127
2019-06-25,78700.000000,79400.000000,78700.000000,78700.000000,78700.000000,74
2019-06-26,78700.000000,78900.000000,77900.000000,78000.000000,78000.000000,138
2019-06-27,77800.000000,78500.000000,77400.000000,78500.000000,78500.000000,114
2019-06-28,77900.000000,79400.000000,77900.000000,79400.000000,79400.000000,145
2019-07-01,79500.000000,79800.000000,79000.000000,79800.000000,79800.000000,151
2019-07-02,79400.000000,80100.000000,79300.000000,80000.000000,80000.000000,189
2019-07-03,80000.000000,80400.000000,79700.000000,80200.000000,80200.000000,145
2019-07-04,79700.000000,79900.000000,79600.000000,79800.000000,79800.000000,53
2019-07-05,79600.000000,79900.000000,78700.000000,78800.000000,78800.000000,109
2019-07-08,78500.000000,79300.000000,78500.000000,79000.000000,79000.000000,86
2019-07-09,78900.000000,79200.000000,78400.000000,79200.000000,79200.000000,119
2019-07-10,79300.000000,79700.000000,78700.000000,79700.000000,79700.000000,93
2019-07-11,79200.000000,80200.000000,79200.000000,80100.000000,80100.000000,143
2019-07-12,80000.000000,80800.000000,79500.000000,80000.000000,80000.000000,107
2019-07-15,79900.000000,80000.000000,79500.000000,79800.000000,79800.000000,96
2019-07-16,79500.000000,79600.000000,79000.000000,79000.000000,79000.000000,87
2019-07-17,78900.000000,80700.000000,78900.000000,80300.000000,80300.000000,132
2019-07-18,80000.000000,81000.000000,79600.000000,81000.000000,81000.000000,146
2019-07-19,80800.000000,80900.000000,80100.000000,80100.000000,80100.000000,126
2019-07-22,79300.000000,79800.000000,79300.000000,79700.000000,79700.000000,67
2019-07-23,80200.000000,82800.000000,80200.000000,81400.000000,81400.000000,239
2019-07-24,81300.000000,81300.000000,80200.000000,80900.000000,80900.000000,143
2019-07-25,81000.000000,82600.000000,81000.000000,82600.000000,82600.000000,152
2019-07-26,82700.000000,82900.000000,82100.000000,82800.000000,82800.000000,123
2019-07-29,82700.000000,83100.000000,82700.000000,83100.000000,83100.000000,105
2019-07-30,82400.000000,83100.000000,82400.000000,82700.000000,82700.000000,78
2019-07-31,82700.000000,83000.000000,82000.000000,82300.000000,82300.000000,178
2019-08-02,82900.000000,83000.000000,81600.000000,82500.000000,82500.000000,194
2019-08-05,82800.000000,82800.000000,80400.000000,80600.000000,80600.000000,130
2019-08-06,80000.000000,81300.000000,80000.000000,80500.000000,80500.000000,110
2019-08-07,80900.000000,81000.000000,80200.000000,80700.000000,80700.000000,134
2019-08-08,81100.000000,81600.000000,81000.000000,81500.000000,81500.000000,119
2019-08-09,80200.000000,81600.000000,80200.000000,81100.000000,81100.000000,98
2019-08-12,81000.000000,81600.000000,80800.000000,80800.000000,80800.000000,95
2019-08-13,80700.000000,81100.000000,80100.000000,80800.000000,80800.000000,124
2019-08-14,80900.000000,80900.000000,80100.000000,80200.000000,80200.000000,124
2019-08-15,80000.000000,80700.000000,79400.000000,80700.000000,80700.000000,202
2019-08-16,80700.000000,80700.000000,79300.000000,79600.000000,79600.000000,149
2019-08-19,79400.000000,80400.000000,79400.000000,80400.000000,80400.000000,145
2019-08-20,80500.000000,80700.000000,80100.000000,80100.000000,80100.000000,120
2019-08-21,80200.000000,80400.000000,79900.000000,80400.000000,80400.000000,102
2019-08-22,80000.000000,80600.000000,79500.000000,80500.000000,80500.000000,150
2019-08-23,80800.000000,80800.000000,80000.000000,80000.000000,80000.000000,87
2019-08-26,79900.000000,80100.000000,79300.000000,79800.000000,79800.000000,98
2019-08-27,79400.000000,80500.000000,79400.000000,80500.000000,80500.000000,193
2019-08-28,80000.000000,81100.000000,79900.000000,80900.000000,80900.000000,166
2019-08-29,80500.000000,81200.000000,80500.000000,80800.000000,80800.000000,94
2019-08-30,80600.000000,81400.000000,80400.000000,81400.000000,81400.000000,138
2019-09-02,81200.000000,81200.000000,80300.000000,80700.000000,80700.000000,140
2019-09-03,80900.000000,80900.000000,79800.000000,80400.000000,80400.000000,123
2019-09-04,80400.000000,80600.000000,80000.000000,80600.000000,80600.000000,155
2019-09-05,80800.000000,80800.000000,80300.000000,80400.000000,80400.000000,121
2019-09-06,80300.000000,81000.000000,80300.000000,81000.000000,81000.000000,153
2019-09-09,80800.000000,81600.000000,80800.000000,81500.000000,81500.000000,133
2019-09-10,81600.000000,81600.000000,80800.000000,81600.000000,81600.000000,142
2019-09-11,81900.000000,81900.000000,81200.000000,81800.000000,81800.000000,149
2019-09-12,81800.000000,82400.000000,81300.000000,82000.000000,82000.000000,157
2019-09-13,81500.000000,82200.000000,81200.000000,81300.000000,81300.000000,135
2019-09-16,80600.000000,81700.000000,80600.000000,81000.000000,81000.000000,131
2019-09-17,80900.000000,81500.000000,80500.000000,81000.000000,81000.000000,162
2019-09-18,80600.000000,81200.000000,80100.000000,80500.000000,80500.000000,165
2019-09-19,80100.000000,80500.000000,79800.000000,80400.000000,80400.000000,141
2019-09-20,80800.000000,81200.000000,79800.000000,81200.000000,81200.000000,357
2019-09-23,81000.000000,81000.000000,80200.000000,80700.000000,80700.000000,136
2019-09-24,81000.000000,81600.000000,80900.000000,81600.000000,81600.000000,131
2019-09-25,81100.000000,82800.000000,81100.000000,82800.000000,82800.000000,120
2019-09-26,82400.000000,83200.000000,82200.000000,82500.000000,82500.000000,124
2019-09-27,82300.000000,82700.000000,81800.000000,82700.000000,82700.000000,100
2019-09-30,82400.000000,82900.000000,81800.000000,82600.000000,82600.000000,120
2019-10-01,82600.000000,82600.000000,81500.000000,81900.000000,81900.000000,109
2019-10-02,82100.000000,82100.000000,80800.000000,80800.000000,80800.000000,121
2019-10-03,82000.000000,82000.000000,80500.000000,81300.000000,81300.000000,100
2019-10-04,81200.000000,81700.000000,80900.000000,81700.000000,81700.000000,66
2019-10-07,81500.000000,82100.000000,81200.000000,82000.000000,82000.000000,82
2019-10-08,81300.000000,82100.000000,80900.000000,81400.000000,81400.000000,158
2019-10-09,81000.000000,81800.000000,81000.000000,81800.000000,81800.000000,90
2019-10-10,81500.000000,81600.000000,80700.000000,81000.000000,81000.000000,101
2019-10-11,80600.000000,81300.000000,80600.000000,81000.000000,81000.000000,110
2019-10-14,80700.000000,81500.000000,80600.000000,81500.000000,81500.000000,57
2019-10-15,81500.000000,81500.000000,80700.000000,80700.000000,80700.000000,101
2019-10-16,81300.000000,81300.000000,80100.000000,80500.000000,80500.000000,94
2019-10-17,80500.000000,80500.000000,79600.000000,79600.000000,79600.000000,161
2019-10-18,79600.000000,79800.000000,79400.000000,79400.000000,79400.000000,126
2019-10-21,80000.000000,80000.000000,79100.000000,80000.000000,80000.000000,111
2019-10-22,79400.000000,79900.000000,79400.000000,79900.000000,79900.000000,93
2019-10-23,79900.000000,80500.000000,79500.000000,80300.000000,80300.000000,118
2019-10-24,79700.000000,80800.000000,79700.000000,80800.000000,80800.000000,72
2019-10-25,80300.000000,80700.000000,79600.000000,79600.000000,79600.000000,89
2019-10-28,80000.000000,80000.000000,79000.000000,79100.000000,79100.000000,123
2019-10-29,79000.000000,80100.000000,78600.000000,79900.000000,79900.000000,130
2019-10-30,79500.000000,81300.000000,79400.000000,81300.000000,81300.000000,146
2019-10-31,81300.000000,81400.000000,80700.000000,80800.000000,80800.000000,137
2019-11-01,81000.000000,81200.000000,80700.000000,80900.000000,80900.000000,108
2019-11-04,81700.000000,82800.000000,81700.000000,82300.000000,82300.000000,171
2019-11-05,82000.000000,82000.000000,81600.000000,82000.000000,82000.000000,163
2019-11-06,82000.000000,82800.000000,81400.000000,82800.000000,82800.000000,189
2019-11-07,82100.000000,82600.000000,82100.000000,82500.000000,82500.000000,126
2019-11-08,82500.000000,82900.000000,82300.000000,82900.000000,82900.000000,97
2019-11-11,83000.000000,83000.000000,82300.000000,82900.000000,82900.000000,110
2019-11-12,82400.000000,82600.000000,82100.000000,82500.000000,82500.000000,117
2019-11-13,82100.000000,82800.000000,81900.000000,82500.000000,82500.000000,140
2019-11-14,83000.000000,83000.000000,82300.000000,82700.000000,82700.000000,95
2019-11-15,82100.000000,82800.000000,82100.000000,82600.000000,82600.000000,62
2019-11-18,82300.000000,82900.000000,82300.000000,82900.000000,82900.000000,90
2019-11-19,82500.000000,83000.000000,82500.000000,82800.000000,82800.000000,116
2019-11-20,82600.000000,82900.000000,82200.000000,82300.000000,82300.000000,129
2019-11-21,82500.000000,82500.000000,82100.000000,82400.000000,82400.000000,78
2019-11-22,82400.000000,83000.000000,82000.000000,83000.000000,83000.000000,86
2019-11-25,82900.000000,83200.000000,82600.000000,83200.000000,83200.000000,82
2019-11-26,83200.000000,83900.000000,82800.000000,83900.000000,83900.000000,258
2019-11-27,83900.000000,84400.000000,83800.000000,84400.000000,84400.000000,165
2019-11-28,83900.000000,85000.000000,83900.000000,85000.000000,85000.000000,90
2019-11-29,84900.000000,85400.000000,84500.000000,85300.000000,85300.000000,111
2019-12-02,84700.000000,85200.000000,84000.000000,84600.000000,84600.000000,203
2019-12-03,84000.000000,84500.000000,83000.000000,83500.000000,83500.000000,159
2019-12-04,83500.000000,83700.000000,83000.000000,83500.000000,83500.000000,151
2019-12-05,83400.000000,84000.000000,83100.000000,84000.000000,84000.000000,154
2019-12-06,84000.000000,84300.000000,83700.000000,83800.000000,83800.000000,81
2019-12-09,84000.000000,84400.000000,83300.000000,84200.000000,84200.000000,96
2019-12-10,84300.000000,84300.000000,83400.000000,83900.000000,83900.000000,115
2019-12-11,83600.000000,83900.000000,83000.000000,83800.000000,83800.000000,150
2019-12-12,83900.000000,84100.000000,83400.000000,83500.000000,83500.000000,114
2019-12-13,83500.000000,84300.000000,83200.000000,83800.000000,83800.000000,128
2019-12-16,84100.000000,84500.000000,83800.000000,84100.000000,84100.000000,116
2019-12-17,84000.000000,84000.000000,83500.000000,83900.000000,83900.000000,280
2019-12-18,83800.000000,84100.000000,83300.000000,83500.000000,83500.000000,233
2019-12-19,83400.000000,83800.000000,83300.000000,83600.000000,83600.000000,215
2019-12-20,84000.000000,85400.000000,83600.000000,85300.000000,85300.000000,401
2019-12-23,84500.000000,85900.000000,84500.000000,85800.000000,85800.000000,116
2019-12-27,85100.000000,85600.000000,84400.000000,85000.000000,85000.000000,100
2019-12-30,84500.000000,86000.000000,84500.000000,85500.000000,85500.000000,192
2020-01-03,85400.000000,86800.000000,84900.000000,86800.000000,86800.000000,102
2020-01-06,86000.000000,86300.000000,85700.000000,86200.000000,86200.000000,169
2020-01-07,86100.000000,86800.000000,86000.000000,86400.000000,86400.000000,89
2020-01-08,85800.000000,86700.000000,85700.000000,86600.000000,86600.000000,137
2020-01-09,86500.000000,87300.000000,86200.000000,87200.000000,87200.000000,242
2020-01-10,87200.000000,87600.000000,86900.000000,87600.000000,87600.000000,109
2020-01-13,87600.000000,88200.000000,87100.000000,88200.000000,88200.000000,99
2020-01-14,88400.000000,89700.000000,88300.000000,89700.000000,89700.000000,167
2020-01-15,89500.000000,90000.000000,88900.000000,89200.000000,89200.000000,153
2020-01-16,89500.000000,89700.000000,88800.000000,89400.000000,89400.000000,130
2020-01-17,89400.000000,90100.000000,89000.000000,89900.000000,89900.000000,189
2020-01-20,90200.000000,90400.000000,89700.000000,90200.000000,90200.000000,101
2020-01-21,90300.000000,90300.000000,89300.000000,90300.000000,90300.000000,98
2020-01-22,90700.000000,91800.000000,90700.000000,91800.000000,91800.000000,125
2020-01-23,91800.000000,92300.000000,91400.000000,91800.000000,91800.000000,158
2020-01-24,91500.000000,92400.000000,91500.000000,92100.000000,92100.000000,93
2020-01-27,91000.000000,91900.000000,90600.000000,91200.000000,91200.000000,81
2020-01-28,90300.000000,91100.000000,90300.000000,90700.000000,90700.000000,144
2020-01-29,90300.000000,90700.000000,90300.000000,90400.000000,90400.000000,141
2020-01-30,90700.000000,90700.000000,89700.000000,90200.000000,90200.000000,113
2020-01-31,90100.000000,90600.000000,89500.000000,89900.000000,89900.000000,184
2020-02-03,89500.000000,90300.000000,89500.000000,89700.000000,89700.000000,94
2020-02-04,89900.000000,90800.000000,89800.000000,90000.000000,90000.000000,162
2020-02-05,90000.000000,90800.000000,89900.000000,90800.000000,90800.000000,232
2020-02-06,90800.000000,90800.000000,90100.000000,90800.000000,90800.000000,168
2020-02-07,90900.000000,90900.000000,90200.000000,90500.000000,90500.000000,134
2020-02-10,90200.000000,90500.000000,89900.000000,90500.000000,90500.000000,174
2020-02-11,90300.000000,91000.000000,90200.000000,90700.000000,90700.000000,159
2020-02-12,90400.000000,90600.000000,90000.000000,90500.000000,90500.000000,178
2020-02-13,90600.000000,90700.000000,90300.000000,90400.000000,90400.000000,175
2020-02-14,90600.000000,91400.000000,90400.000000,91400.000000,91400.000000,230
2020-02-17,91000.000000,91800.000000,91000.000000,91600.000000,91600.000000,98
2020-02-18,91400.000000,92500.000000,91400.000000,92500.000000,92500.000000,81
2020-02-19,92500.000000,93800.000000,92500.000000,93500.000000,93500.000000,98
2020-02-20,93700.000000,93700.000000,93200.000000,93500.000000,93500.000000,87
2020-02-21,92800.000000,93100.000000,92400.000000,92800.000000,92800.000000,111
2020-02-24,91300.000000,91300.000000,88200.000000,89400.000000,89400.000000,234
2020-02-25,88800.000000,90000.000000,88500.000000,89000.000000,89000.000000,226
2020-02-26,88100.000000,88600.000000,85000.000000,88100.000000,88100.000000,361
2020-02-27,88000.000000,88000.000000,86300.000000,87100.000000,87100.000000,274
2020-02-28,84200.000000,85000.000000,82200.000000,83700.000000,83700.000000,671
2020-03-02,82100.000000,85800.000000,81500.000000,83100.000000,83100.000000,404
2020-03-03,85800.000000,88900.000000,85100.000000,88000.000000,88000.000000,414
2020-03-04,88900.000000,89800.000000,87400.000000,89200.000000,89200.000000,359
2020-03-05,89100.000000,90000.000000,88500.000000,89200.000000,89200.000000,230
2020-03-06,87100.000000,88300.000000,86400.000000,86800.000000,86800.000000,169
2020-03-09,83000.000000,83600.000000,80600.000000,83000.000000,83000.000000,395
2020-03-10,84000.000000,84500.000000,81300.000000,81300.000000,81300.000000,689
2020-03-11,83500.000000,83500.000000,79900.000000,80000.000000,80000.000000,416
2020-03-12,78700.000000,78700.000000,72600.000000,73600.000000,73600.000000,873
2020-03-13,73600.000000,79200.000000,72500.000000,76700.000000,76700.000000,1398
2020-03-16,73900.000000,74600.000000,67100.000000,69200.000000,69200.000000,856
2020-03-17,70500.000000,71700.000000,68400.000000,70000.000000,70000.000000,871
2020-03-18,70300.000000,70300.000000,65200.000000,67200.000000,67200.000000,1039
2020-03-19,68700.000000,70400.000000,66700.000000,69100.000000,69100.000000,779
2020-03-20,72400.000000,74600.000000,70700.000000,73900.000000,73900.000000,581
2020-03-23,72000.000000,72000.000000,68200.000000,70800.000000,70800.000000,491
2020-03-24,72000.000000,74500.000000,71600.000000,74100.000000,74100.000000,317
2020-03-25,75700.000000,78700.000000,75300.000000,78700.000000,78700.000000,296
2020-03-26,77000.000000,80600.000000,77000.000000,80600.000000,80600.000000,274
2020-03-27,79500.000000,80600.000000,77800.000000,78100.000000,78100.000000,275
2020-03-30,78000.000000,81800.000000,76600.000000,81800.000000,81800.000000,349
2020-03-31,79500.000000,84400.000000,79500.000000,84400.000000,84400.000000,349
